model_name,model_name_raw,assay_id,UniProt_id,fold_variable_name,loss_fitness,Spearman_fitness
Kermut,kermut,A0A140D2T1_ZIKV_Sourisseau_2019,A0A140D2T1_ZIKV,fold_random_5,0.7766588770749233,0.5852549952041853
Kermut,kermut,A0A140D2T1_ZIKV_Sourisseau_2019,A0A140D2T1_ZIKV,fold_modulo_5,0.9172674655109231,0.41849529024135584
Kermut,kermut,A0A140D2T1_ZIKV_Sourisseau_2019,A0A140D2T1_ZIKV,fold_contiguous_5,1.099307159736259,0.38366752497098605
Kermut,kermut,A0A192B1T2_9HIV1_Haddox_2018,A0A192B1T2_9HIV1,fold_random_5,0.30004794908225874,0.835132255922625
Kermut,kermut,A0A192B1T2_9HIV1_Haddox_2018,A0A192B1T2_9HIV1,fold_modulo_5,0.6266598413603707,0.6215117455755577
Kermut,kermut,A0A192B1T2_9HIV1_Haddox_2018,A0A192B1T2_9HIV1,fold_contiguous_5,0.7542260664158794,0.545225242578031
Kermut,kermut,A0A1I9GEU1_NEIME_Kennouche_2019,A0A1I9GEU1_NEIME,fold_random_5,1.007381818556183,0.08893423004819545
Kermut,kermut,A0A1I9GEU1_NEIME_Kennouche_2019,A0A1I9GEU1_NEIME,fold_modulo_5,1.0214656986766066,0.05054861591756768
Kermut,kermut,A0A1I9GEU1_NEIME_Kennouche_2019,A0A1I9GEU1_NEIME,fold_contiguous_5,1.0254475769066513,0.06814539644521575
Kermut,kermut,A0A247D711_LISMN_Stadelmann_2021,A0A247D711_LISMN,fold_random_5,0.48338044275600495,0.6766012058176222
Kermut,kermut,A0A247D711_LISMN_Stadelmann_2021,A0A247D711_LISMN,fold_modulo_5,0.6774191819311292,0.5357649583678162
Kermut,kermut,A0A247D711_LISMN_Stadelmann_2021,A0A247D711_LISMN,fold_contiguous_5,0.6612744803065289,0.5527461251673249
Kermut,kermut,A0A2Z5U3Z0_9INFA_Doud_2016,A0A2Z5U3Z0_9INFA,fold_random_5,0.29809626474188955,0.8357458155739088
Kermut,kermut,A0A2Z5U3Z0_9INFA_Doud_2016,A0A2Z5U3Z0_9INFA,fold_modulo_5,0.5062619207226068,0.7079179701030551
Kermut,kermut,A0A2Z5U3Z0_9INFA_Doud_2016,A0A2Z5U3Z0_9INFA,fold_contiguous_5,0.6310353435511872,0.6341119351315343
Kermut,kermut,A0A2Z5U3Z0_9INFA_Wu_2014,A0A2Z5U3Z0_9INFA,fold_random_5,0.9620880594543855,0.553896543625567
Kermut,kermut,A0A2Z5U3Z0_9INFA_Wu_2014,A0A2Z5U3Z0_9INFA,fold_modulo_5,0.9713118591865493,0.49524571093024033
Kermut,kermut,A0A2Z5U3Z0_9INFA_Wu_2014,A0A2Z5U3Z0_9INFA,fold_contiguous_5,1.026108112132743,0.45098431879647094
Kermut,kermut,A4_HUMAN_Seuma_2022,A4_HUMAN,fold_random_5,0.40553009361408004,0.7489807171317394
Kermut,kermut,A4_HUMAN_Seuma_2022,A4_HUMAN,fold_modulo_5,0.576687679164622,0.6560830477521957
Kermut,kermut,A4_HUMAN_Seuma_2022,A4_HUMAN,fold_contiguous_5,0.6926022145737575,0.6479398721787721
Kermut,kermut,A4D664_9INFA_Soh_2019,A4D664_9INFA,fold_random_5,0.48492628447063957,0.7600978787667957
Kermut,kermut,A4D664_9INFA_Soh_2019,A4D664_9INFA,fold_modulo_5,0.8241280358012242,0.5378849194022743
Kermut,kermut,A4D664_9INFA_Soh_2019,A4D664_9INFA,fold_contiguous_5,0.9948180927177759,0.38190084694172993
Kermut,kermut,A4GRB6_PSEAI_Chen_2020,A4GRB6_PSEAI,fold_random_5,0.15191015984232442,0.9053740605545846
Kermut,kermut,A4GRB6_PSEAI_Chen_2020,A4GRB6_PSEAI,fold_modulo_5,0.2771202671113032,0.8311070939021531
Kermut,kermut,A4GRB6_PSEAI_Chen_2020,A4GRB6_PSEAI,fold_contiguous_5,0.31579945009329774,0.8248503413697356
Kermut,kermut,AACC1_PSEAI_Dandage_2018,AACC1_PSEAI,fold_random_5,0.6107622415410021,0.6596532468602244
Kermut,kermut,AACC1_PSEAI_Dandage_2018,AACC1_PSEAI,fold_modulo_5,0.7131788904580397,0.5682679067021936
Kermut,kermut,AACC1_PSEAI_Dandage_2018,AACC1_PSEAI,fold_contiguous_5,0.7832127876286078,0.5375050962035441
Kermut,kermut,ACE2_HUMAN_Chan_2020,ACE2_HUMAN,fold_random_5,0.43841271587502534,0.7227777346225579
Kermut,kermut,ACE2_HUMAN_Chan_2020,ACE2_HUMAN,fold_modulo_5,0.7553438211952921,0.48245562803739084
Kermut,kermut,ACE2_HUMAN_Chan_2020,ACE2_HUMAN,fold_contiguous_5,0.9229362205878074,0.40762511685007663
Kermut,kermut,ADRB2_HUMAN_Jones_2020,ADRB2_HUMAN,fold_random_5,0.6668498532695504,0.614999491689796
Kermut,kermut,ADRB2_HUMAN_Jones_2020,ADRB2_HUMAN,fold_modulo_5,0.6987594140393587,0.5867827757889266
Kermut,kermut,ADRB2_HUMAN_Jones_2020,ADRB2_HUMAN,fold_contiguous_5,0.7520302898294811,0.5738735816521982
Kermut,kermut,AICDA_HUMAN_Gajula_2014_3cycles,AICDA_HUMAN,fold_random_5,1.7820195936947965,0.3346262867234093
Kermut,kermut,AICDA_HUMAN_Gajula_2014_3cycles,AICDA_HUMAN,fold_modulo_5,2.623113280257858,0.23264725632318328
Kermut,kermut,AICDA_HUMAN_Gajula_2014_3cycles,AICDA_HUMAN,fold_contiguous_5,1.6006955589733485,0.4608945416805616
Kermut,kermut,AMFR_HUMAN_Tsuboyama_2023_4G3O,AMFR_HUMAN,fold_random_5,0.13818959869926292,0.9396365159057888
Kermut,kermut,AMFR_HUMAN_Tsuboyama_2023_4G3O,AMFR_HUMAN,fold_modulo_5,0.25929981999977236,0.8677514102308375
Kermut,kermut,AMFR_HUMAN_Tsuboyama_2023_4G3O,AMFR_HUMAN,fold_contiguous_5,0.3489376071506198,0.8284603229376112
Kermut,kermut,AMIE_PSEAE_Wrenbeck_2017,AMIE_PSEAE,fold_random_5,0.37279744398168285,0.8335244366695231
Kermut,kermut,AMIE_PSEAE_Wrenbeck_2017,AMIE_PSEAE,fold_modulo_5,0.5338971315961525,0.7147665951902052
Kermut,kermut,AMIE_PSEAE_Wrenbeck_2017,AMIE_PSEAE,fold_contiguous_5,0.5943385596963672,0.6975717468045363
Kermut,kermut,ANCSZ_Hobbs_2022,ANCSZ,fold_random_5,0.27386927022930807,0.79125027432922
Kermut,kermut,ANCSZ_Hobbs_2022,ANCSZ,fold_modulo_5,0.44391485816195997,0.6636512354570744
Kermut,kermut,ANCSZ_Hobbs_2022,ANCSZ,fold_contiguous_5,0.5444611218352976,0.5819185666577287
Kermut,kermut,ARGR_ECOLI_Tsuboyama_2023_1AOY,ARGR_ECOLI,fold_random_5,0.13486510836842758,0.8802873316194028
Kermut,kermut,ARGR_ECOLI_Tsuboyama_2023_1AOY,ARGR_ECOLI,fold_modulo_5,0.3060829248363216,0.7924706567696828
Kermut,kermut,ARGR_ECOLI_Tsuboyama_2023_1AOY,ARGR_ECOLI,fold_contiguous_5,0.3542417714066224,0.7322723932366234
Kermut,kermut,B2L11_HUMAN_Dutta_2010_binding-Mcl-1,B2L11_HUMAN,fold_random_5,0.4075554560864167,0.824671319789205
Kermut,kermut,B2L11_HUMAN_Dutta_2010_binding-Mcl-1,B2L11_HUMAN,fold_modulo_5,1.7854227689432867,0.2049682158755748
Kermut,kermut,B2L11_HUMAN_Dutta_2010_binding-Mcl-1,B2L11_HUMAN,fold_contiguous_5,1.7356473270685422,0.014519940645208567
Kermut,kermut,BBC1_YEAST_Tsuboyama_2023_1TG0,BBC1_YEAST,fold_random_5,0.14611350147802443,0.9300567088160637
Kermut,kermut,BBC1_YEAST_Tsuboyama_2023_1TG0,BBC1_YEAST,fold_modulo_5,0.33945824096350946,0.8229771956501494
Kermut,kermut,BBC1_YEAST_Tsuboyama_2023_1TG0,BBC1_YEAST,fold_contiguous_5,0.3489539774350525,0.8124594246440314
Kermut,kermut,BCHB_CHLTE_Tsuboyama_2023_2KRU,BCHB_CHLTE,fold_random_5,0.13513902847109785,0.9196608935970169
Kermut,kermut,BCHB_CHLTE_Tsuboyama_2023_2KRU,BCHB_CHLTE,fold_modulo_5,0.3897379252439338,0.7593969293164199
Kermut,kermut,BCHB_CHLTE_Tsuboyama_2023_2KRU,BCHB_CHLTE,fold_contiguous_5,0.4919052503793963,0.701936134387696
Kermut,kermut,BLAT_ECOLX_Deng_2012,BLAT_ECOLX,fold_random_5,0.28212660454493205,0.8465947643518082
Kermut,kermut,BLAT_ECOLX_Deng_2012,BLAT_ECOLX,fold_modulo_5,0.6492939590039691,0.5928182032308429
Kermut,kermut,BLAT_ECOLX_Deng_2012,BLAT_ECOLX,fold_contiguous_5,0.7779222343844714,0.49985092723377955
Kermut,kermut,BLAT_ECOLX_Firnberg_2014,BLAT_ECOLX,fold_random_5,0.1891442163510582,0.9094291527334242
Kermut,kermut,BLAT_ECOLX_Firnberg_2014,BLAT_ECOLX,fold_modulo_5,0.3346246578390431,0.8358519455250756
Kermut,kermut,BLAT_ECOLX_Firnberg_2014,BLAT_ECOLX,fold_contiguous_5,0.3541999520464679,0.8211642431147228
Kermut,kermut,BLAT_ECOLX_Jacquier_2013,BLAT_ECOLX,fold_random_5,0.3069023862548743,0.7762487817569137
Kermut,kermut,BLAT_ECOLX_Jacquier_2013,BLAT_ECOLX,fold_modulo_5,0.36968033443700155,0.7447686324239722
Kermut,kermut,BLAT_ECOLX_Jacquier_2013,BLAT_ECOLX,fold_contiguous_5,0.392777363696244,0.7404527985013035
Kermut,kermut,BLAT_ECOLX_Stiffler_2015,BLAT_ECOLX,fold_random_5,0.156676327391391,0.9089455087233028
Kermut,kermut,BLAT_ECOLX_Stiffler_2015,BLAT_ECOLX,fold_modulo_5,0.3286657030073815,0.8264189607102417
Kermut,kermut,BLAT_ECOLX_Stiffler_2015,BLAT_ECOLX,fold_contiguous_5,0.3674909072340122,0.803821337583211
Kermut,kermut,BRCA1_HUMAN_Findlay_2018,BRCA1_HUMAN,fold_random_5,0.3943154570914318,0.6834461939901065
Kermut,kermut,BRCA1_HUMAN_Findlay_2018,BRCA1_HUMAN,fold_modulo_5,0.5473006566903105,0.6194492535763141
Kermut,kermut,BRCA1_HUMAN_Findlay_2018,BRCA1_HUMAN,fold_contiguous_5,0.6071170306850352,0.5830631936323645
Kermut,kermut,BRCA2_HUMAN_Erwood_2022_HEK293T,BRCA2_HUMAN,fold_random_5,0.49795318373039354,0.5416261494215815
Kermut,kermut,BRCA2_HUMAN_Erwood_2022_HEK293T,BRCA2_HUMAN,fold_modulo_5,0.6593345749659872,0.48629205947974574
Kermut,kermut,BRCA2_HUMAN_Erwood_2022_HEK293T,BRCA2_HUMAN,fold_contiguous_5,1.1757944350701242,0.5687815163981997
Kermut,kermut,C6KNH7_9INFA_Lee_2018,C6KNH7_9INFA,fold_random_5,0.30382435309159117,0.8273741057811522
Kermut,kermut,C6KNH7_9INFA_Lee_2018,C6KNH7_9INFA,fold_modulo_5,0.510404651680992,0.7023206571420256
Kermut,kermut,C6KNH7_9INFA_Lee_2018,C6KNH7_9INFA,fold_contiguous_5,0.6144876366839034,0.6403706060086856
Kermut,kermut,CALM1_HUMAN_Weile_2017,CALM1_HUMAN,fold_random_5,0.9287956236352637,0.2436711380887867
Kermut,kermut,CALM1_HUMAN_Weile_2017,CALM1_HUMAN,fold_modulo_5,0.9712108148936681,0.1934357502459242
Kermut,kermut,CALM1_HUMAN_Weile_2017,CALM1_HUMAN,fold_contiguous_5,0.9725997022987932,0.1904415324612603
Kermut,kermut,CAPSD_AAV2S_Sinai_2021,CAPSD_AAV2S,fold_random_5,0.3186890436470695,0.8177848347775025
Kermut,kermut,CAPSD_AAV2S_Sinai_2021,CAPSD_AAV2S,fold_modulo_5,0.5970769449413041,0.6183673161980858
Kermut,kermut,CAPSD_AAV2S_Sinai_2021,CAPSD_AAV2S,fold_contiguous_5,0.8740215298491556,0.5135256017743345
Kermut,kermut,CAR11_HUMAN_Meitlis_2020_gof,CAR11_HUMAN,fold_random_5,0.5965968981666039,0.6366014716955813
Kermut,kermut,CAR11_HUMAN_Meitlis_2020_gof,CAR11_HUMAN,fold_modulo_5,0.785564744720022,0.5554847781792046
Kermut,kermut,CAR11_HUMAN_Meitlis_2020_gof,CAR11_HUMAN,fold_contiguous_5,0.981191076896047,0.5341554255426311
Kermut,kermut,CAR11_HUMAN_Meitlis_2020_lof,CAR11_HUMAN,fold_random_5,0.3690111931119583,0.7938993572925452
Kermut,kermut,CAR11_HUMAN_Meitlis_2020_lof,CAR11_HUMAN,fold_modulo_5,0.492257920817354,0.7202797580908262
Kermut,kermut,CAR11_HUMAN_Meitlis_2020_lof,CAR11_HUMAN,fold_contiguous_5,0.6024989811763243,0.7256522113939498
Kermut,kermut,CAS9_STRP1_Spencer_2017_positive,CAS9_STRP1,fold_random_5,0.9532925417494112,0.2519115682561342
Kermut,kermut,CAS9_STRP1_Spencer_2017_positive,CAS9_STRP1,fold_modulo_5,0.9592361368742837,0.23628114267986258
Kermut,kermut,CAS9_STRP1_Spencer_2017_positive,CAS9_STRP1,fold_contiguous_5,0.9682639325625296,0.22421805404956943
Kermut,kermut,CASP3_HUMAN_Roychowdhury_2020,CASP3_HUMAN,fold_random_5,0.46277980698369553,0.7413828157703531
Kermut,kermut,CASP3_HUMAN_Roychowdhury_2020,CASP3_HUMAN,fold_modulo_5,0.5095359751384817,0.7106133943282366
Kermut,kermut,CASP3_HUMAN_Roychowdhury_2020,CASP3_HUMAN,fold_contiguous_5,0.6406985277196937,0.607012869477464
Kermut,kermut,CASP7_HUMAN_Roychowdhury_2020,CASP7_HUMAN,fold_random_5,0.5488783472248657,0.7068141221097979
Kermut,kermut,CASP7_HUMAN_Roychowdhury_2020,CASP7_HUMAN,fold_modulo_5,0.5849885069161644,0.6765601861597679
Kermut,kermut,CASP7_HUMAN_Roychowdhury_2020,CASP7_HUMAN,fold_contiguous_5,0.6417639012809406,0.6479356113110057
Kermut,kermut,CATR_CHLRE_Tsuboyama_2023_2AMI,CATR_CHLRE,fold_random_5,0.1538837477480888,0.9031171075258074
Kermut,kermut,CATR_CHLRE_Tsuboyama_2023_2AMI,CATR_CHLRE,fold_modulo_5,0.30212124386140193,0.8039890966248298
Kermut,kermut,CATR_CHLRE_Tsuboyama_2023_2AMI,CATR_CHLRE,fold_contiguous_5,0.3933559611686588,0.7968350178375183
Kermut,kermut,CBPA2_HUMAN_Tsuboyama_2023_1O6X,CBPA2_HUMAN,fold_random_5,0.09658634063875632,0.9035949447965267
Kermut,kermut,CBPA2_HUMAN_Tsuboyama_2023_1O6X,CBPA2_HUMAN,fold_modulo_5,0.2382761509768901,0.7774108269037467
Kermut,kermut,CBPA2_HUMAN_Tsuboyama_2023_1O6X,CBPA2_HUMAN,fold_contiguous_5,0.26973372403120155,0.7561812983180642
Kermut,kermut,CBS_HUMAN_Sun_2020,CBS_HUMAN,fold_random_5,0.7737552552741243,0.47020935979340384
Kermut,kermut,CBS_HUMAN_Sun_2020,CBS_HUMAN,fold_modulo_5,0.7940719541790076,0.45068397057255205
Kermut,kermut,CBS_HUMAN_Sun_2020,CBS_HUMAN,fold_contiguous_5,0.8485109916232253,0.4998934388961741
Kermut,kermut,CBX4_HUMAN_Tsuboyama_2023_2K28,CBX4_HUMAN,fold_random_5,0.15300289360781144,0.9201941029531361
Kermut,kermut,CBX4_HUMAN_Tsuboyama_2023_2K28,CBX4_HUMAN,fold_modulo_5,0.3231756714155649,0.81076795308054
Kermut,kermut,CBX4_HUMAN_Tsuboyama_2023_2K28,CBX4_HUMAN,fold_contiguous_5,0.33344056993416293,0.8125047678993595
Kermut,kermut,CCDB_ECOLI_Adkar_2012,CCDB_ECOLI,fold_random_5,0.000178060074728449,0.9977741477638764
Kermut,kermut,CCDB_ECOLI_Adkar_2012,CCDB_ECOLI,fold_modulo_5,0.5853265165802082,0.6392740611645337
Kermut,kermut,CCDB_ECOLI_Adkar_2012,CCDB_ECOLI,fold_contiguous_5,0.9388374796231775,0.45731541842284756
Kermut,kermut,CCDB_ECOLI_Tripathi_2016,CCDB_ECOLI,fold_random_5,0.357331111963627,0.47689794648548745
Kermut,kermut,CCDB_ECOLI_Tripathi_2016,CCDB_ECOLI,fold_modulo_5,0.6171635301272145,0.442032030507873
Kermut,kermut,CCDB_ECOLI_Tripathi_2016,CCDB_ECOLI,fold_contiguous_5,0.7328442981469642,0.4791929532201786
Kermut,kermut,CCR5_HUMAN_Gill_2023,CCR5_HUMAN,fold_random_5,0.6973381880698107,0.531539400787895
Kermut,kermut,CCR5_HUMAN_Gill_2023,CCR5_HUMAN,fold_modulo_5,0.7725847016436628,0.4666262044073169
Kermut,kermut,CCR5_HUMAN_Gill_2023,CCR5_HUMAN,fold_contiguous_5,0.8868502737324978,0.3653157439677943
Kermut,kermut,CD19_HUMAN_Klesmith_2019_FMC_singles,CD19_HUMAN,fold_random_5,0.4822194548559214,0.6338473404839201
Kermut,kermut,CD19_HUMAN_Klesmith_2019_FMC_singles,CD19_HUMAN,fold_modulo_5,0.7170572145703348,0.4952711267196881
Kermut,kermut,CD19_HUMAN_Klesmith_2019_FMC_singles,CD19_HUMAN,fold_contiguous_5,0.9006274581843527,0.35799159938492603
Kermut,kermut,CP2C9_HUMAN_Amorosi_2021_abundance,CP2C9_HUMAN,fold_random_5,0.250399221526113,0.8288937478030015
Kermut,kermut,CP2C9_HUMAN_Amorosi_2021_abundance,CP2C9_HUMAN,fold_modulo_5,0.3553806383036609,0.7662954712797574
Kermut,kermut,CP2C9_HUMAN_Amorosi_2021_abundance,CP2C9_HUMAN,fold_contiguous_5,0.45725512047685163,0.7198277635372977
Kermut,kermut,CP2C9_HUMAN_Amorosi_2021_activity,CP2C9_HUMAN,fold_random_5,0.20621889057560375,0.8936773680328332
Kermut,kermut,CP2C9_HUMAN_Amorosi_2021_activity,CP2C9_HUMAN,fold_modulo_5,0.35717657768332334,0.8127293599066363
Kermut,kermut,CP2C9_HUMAN_Amorosi_2021_activity,CP2C9_HUMAN,fold_contiguous_5,0.4605227159596852,0.7543467143782832
Kermut,kermut,CSN4_MOUSE_Tsuboyama_2023_1UFM,CSN4_MOUSE,fold_random_5,0.10285411962523318,0.9274579811734681
Kermut,kermut,CSN4_MOUSE_Tsuboyama_2023_1UFM,CSN4_MOUSE,fold_modulo_5,0.27413509174720085,0.833476759604888
Kermut,kermut,CSN4_MOUSE_Tsuboyama_2023_1UFM,CSN4_MOUSE,fold_contiguous_5,0.32730036327724393,0.797395586917842
Kermut,kermut,CUE1_YEAST_Tsuboyama_2023_2MYX,CUE1_YEAST,fold_random_5,0.122571248386532,0.9400325094779126
Kermut,kermut,CUE1_YEAST_Tsuboyama_2023_2MYX,CUE1_YEAST,fold_modulo_5,0.4142294872953458,0.7656327037963041
Kermut,kermut,CUE1_YEAST_Tsuboyama_2023_2MYX,CUE1_YEAST,fold_contiguous_5,0.4936107689803709,0.7200146427670475
Kermut,kermut,D7PM05_CLYGR_Somermeyer_2022,D7PM05_CLYGR,fold_random_5,0.4022639778698257,0.790090158322546
Kermut,kermut,D7PM05_CLYGR_Somermeyer_2022,D7PM05_CLYGR,fold_modulo_5,0.5563904856850005,0.7008326224166875
Kermut,kermut,D7PM05_CLYGR_Somermeyer_2022,D7PM05_CLYGR,fold_contiguous_5,0.6604332970869334,0.6583344374992491
Kermut,kermut,DLG4_HUMAN_Faure_2021,DLG4_HUMAN,fold_random_5,0.31166799904581655,0.8154825033868488
Kermut,kermut,DLG4_HUMAN_Faure_2021,DLG4_HUMAN,fold_modulo_5,0.5632256288312052,0.6601417469236435
Kermut,kermut,DLG4_HUMAN_Faure_2021,DLG4_HUMAN,fold_contiguous_5,0.6206371977984867,0.6230562362394366
Kermut,kermut,DLG4_RAT_McLaughlin_2012,DLG4_RAT,fold_random_5,0.3487912250728811,0.761318279927013
Kermut,kermut,DLG4_RAT_McLaughlin_2012,DLG4_RAT,fold_modulo_5,0.6208985627511625,0.6336150064183226
Kermut,kermut,DLG4_RAT_McLaughlin_2012,DLG4_RAT,fold_contiguous_5,0.697001643254931,0.5593849994627609
Kermut,kermut,DN7A_SACS2_Tsuboyama_2023_1JIC,DN7A_SACS2,fold_random_5,0.12494138283815795,0.9133538448098666
Kermut,kermut,DN7A_SACS2_Tsuboyama_2023_1JIC,DN7A_SACS2,fold_modulo_5,0.35576652386333024,0.7518876196418828
Kermut,kermut,DN7A_SACS2_Tsuboyama_2023_1JIC,DN7A_SACS2,fold_contiguous_5,0.4196467493260162,0.6868360196825065
Kermut,kermut,DNJA1_HUMAN_Tsuboyama_2023_2LO1,DNJA1_HUMAN,fold_random_5,0.10829306705489831,0.9246588827435461
Kermut,kermut,DNJA1_HUMAN_Tsuboyama_2023_2LO1,DNJA1_HUMAN,fold_modulo_5,0.22492129448609277,0.8211841411175769
Kermut,kermut,DNJA1_HUMAN_Tsuboyama_2023_2LO1,DNJA1_HUMAN,fold_contiguous_5,0.3732579369055623,0.7628111914116832
Kermut,kermut,DOCK1_MOUSE_Tsuboyama_2023_2M0Y,DOCK1_MOUSE,fold_random_5,0.19559351816797296,0.8999866281883734
Kermut,kermut,DOCK1_MOUSE_Tsuboyama_2023_2M0Y,DOCK1_MOUSE,fold_modulo_5,0.47185547353676777,0.7536318675444065
Kermut,kermut,DOCK1_MOUSE_Tsuboyama_2023_2M0Y,DOCK1_MOUSE,fold_contiguous_5,0.48436323807513004,0.7420980009370218
Kermut,kermut,DYR_ECOLI_Nguyen_2023,DYR_ECOLI,fold_random_5,0.3199741983038883,0.6911665784116888
Kermut,kermut,DYR_ECOLI_Nguyen_2023,DYR_ECOLI,fold_modulo_5,0.5028845543640593,0.553710144928801
Kermut,kermut,DYR_ECOLI_Nguyen_2023,DYR_ECOLI,fold_contiguous_5,0.5581506841468535,0.5724603951393896
Kermut,kermut,DYR_ECOLI_Thompson_2019,DYR_ECOLI,fold_random_5,0.3956146005857834,0.7515356477568664
Kermut,kermut,DYR_ECOLI_Thompson_2019,DYR_ECOLI,fold_modulo_5,0.6467565674094466,0.5473089000082648
Kermut,kermut,DYR_ECOLI_Thompson_2019,DYR_ECOLI,fold_contiguous_5,0.7343806257434756,0.49230895093538307
Kermut,kermut,ENV_HV1B9_DuenasDecamp_2016,ENV_HV1B9,fold_random_5,0.6880733017456133,0.5154806419020757
Kermut,kermut,ENV_HV1B9_DuenasDecamp_2016,ENV_HV1B9,fold_modulo_5,1.10492789841343,0.1164479924511938
Kermut,kermut,ENV_HV1B9_DuenasDecamp_2016,ENV_HV1B9,fold_contiguous_5,1.2226472380550115,0.0681380134441794
Kermut,kermut,ENV_HV1BR_Haddox_2016,ENV_HV1BR,fold_random_5,0.9415591242070316,0.37478430725253215
Kermut,kermut,ENV_HV1BR_Haddox_2016,ENV_HV1BR,fold_modulo_5,0.9324007689716934,0.3547914883636882
Kermut,kermut,ENV_HV1BR_Haddox_2016,ENV_HV1BR,fold_contiguous_5,0.9492954304084542,0.32166638807028713
Kermut,kermut,ENVZ_ECOLI_Ghose_2023,ENVZ_ECOLI,fold_random_5,0.6265314821457979,0.45933248735077087
Kermut,kermut,ENVZ_ECOLI_Ghose_2023,ENVZ_ECOLI,fold_modulo_5,0.9065810262330594,0.23457920324417753
Kermut,kermut,ENVZ_ECOLI_Ghose_2023,ENVZ_ECOLI,fold_contiguous_5,0.9428514099491282,0.301459942940512
Kermut,kermut,EPHB2_HUMAN_Tsuboyama_2023_1F0M,EPHB2_HUMAN,fold_random_5,0.08076537103200639,0.9275141680368986
Kermut,kermut,EPHB2_HUMAN_Tsuboyama_2023_1F0M,EPHB2_HUMAN,fold_modulo_5,0.2106430815663193,0.8180084004443121
Kermut,kermut,EPHB2_HUMAN_Tsuboyama_2023_1F0M,EPHB2_HUMAN,fold_contiguous_5,0.2544664819459716,0.7879894996338825
Kermut,kermut,ERBB2_HUMAN_Elazar_2016,ERBB2_HUMAN,fold_random_5,0.49697169126329754,0.7273061513880469
Kermut,kermut,ERBB2_HUMAN_Elazar_2016,ERBB2_HUMAN,fold_modulo_5,0.6646056516240125,0.6609895893405919
Kermut,kermut,ERBB2_HUMAN_Elazar_2016,ERBB2_HUMAN,fold_contiguous_5,0.7268572168556311,0.6885614807539916
Kermut,kermut,ESTA_BACSU_Nutschel_2020,ESTA_BACSU,fold_random_5,0.44528659684629707,0.7609273550679202
Kermut,kermut,ESTA_BACSU_Nutschel_2020,ESTA_BACSU,fold_modulo_5,0.6650253847526039,0.6005976778909915
Kermut,kermut,ESTA_BACSU_Nutschel_2020,ESTA_BACSU,fold_contiguous_5,0.7001656513246969,0.5977589383901527
Kermut,kermut,F7YBW7_MESOW_Ding_2023,F7YBW7_MESOW,fold_random_5,0.4963020104509863,0.6773792780121894
Kermut,kermut,F7YBW7_MESOW_Ding_2023,F7YBW7_MESOW,fold_modulo_5,9.302110880477267,0.3124941397093296
Kermut,kermut,F7YBW7_MESOW_Ding_2023,F7YBW7_MESOW,fold_contiguous_5,1.799509478491854,0.3664556962025317
Kermut,kermut,F7YBW8_MESOW_Aakre_2015,F7YBW8_MESOW,fold_random_5,0.516605522565083,0.5087719298245613
Kermut,kermut,F7YBW8_MESOW_Aakre_2015,F7YBW8_MESOW,fold_modulo_5,2.3377883812317726,0.3134186818397344
Kermut,kermut,F7YBW8_MESOW_Aakre_2015,F7YBW8_MESOW,fold_contiguous_5,2.3377883812317726,0.3134186818397344
Kermut,kermut,FECA_ECOLI_Tsuboyama_2023_2D1U,FECA_ECOLI,fold_random_5,0.16360074332364585,0.9200412895050419
Kermut,kermut,FECA_ECOLI_Tsuboyama_2023_2D1U,FECA_ECOLI,fold_modulo_5,0.3689807667137338,0.8245465266129693
Kermut,kermut,FECA_ECOLI_Tsuboyama_2023_2D1U,FECA_ECOLI,fold_contiguous_5,0.3572578094024352,0.8246465009287588
Kermut,kermut,FKBP3_HUMAN_Tsuboyama_2023_2KFV,FKBP3_HUMAN,fold_random_5,0.2486760808827142,0.8442295029623706
Kermut,kermut,FKBP3_HUMAN_Tsuboyama_2023_2KFV,FKBP3_HUMAN,fold_modulo_5,0.5006048692378616,0.6877967234856163
Kermut,kermut,FKBP3_HUMAN_Tsuboyama_2023_2KFV,FKBP3_HUMAN,fold_contiguous_5,0.5674747637890427,0.6435228523863388
Kermut,kermut,GAL4_YEAST_Kitzman_2015,GAL4_YEAST,fold_random_5,0.4921040120366466,0.7379553702052667
Kermut,kermut,GAL4_YEAST_Kitzman_2015,GAL4_YEAST,fold_modulo_5,0.6219618608727902,0.6712541248171543
Kermut,kermut,GAL4_YEAST_Kitzman_2015,GAL4_YEAST,fold_contiguous_5,0.662680962167245,0.6416190282380706
Kermut,kermut,GCN4_YEAST_Staller_2018,GCN4_YEAST,fold_random_5,2.308516240930393,0.11497326203208558
Kermut,kermut,GCN4_YEAST_Staller_2018,GCN4_YEAST,fold_modulo_5,2.4688130735646943,0.5137032085561497
Kermut,kermut,GCN4_YEAST_Staller_2018,GCN4_YEAST,fold_contiguous_5,2.168087845454853,0.6704545454545455
Kermut,kermut,GDIA_HUMAN_Silverstein_2021,GDIA_HUMAN,fold_random_5,0.6354148916285017,0.5286488327653267
Kermut,kermut,GDIA_HUMAN_Silverstein_2021,GDIA_HUMAN,fold_modulo_5,0.6581891016373449,0.518036042850919
Kermut,kermut,GDIA_HUMAN_Silverstein_2021,GDIA_HUMAN,fold_contiguous_5,0.6991500747500251,0.5054774706951423
Kermut,kermut,GFP_AEQVI_Sarkisyan_2016,GFP_AEQVI,fold_random_5,0.5682612397869233,0.56753420251604
Kermut,kermut,GFP_AEQVI_Sarkisyan_2016,GFP_AEQVI,fold_modulo_5,0.6555060874253353,0.4966386838734159
Kermut,kermut,GFP_AEQVI_Sarkisyan_2016,GFP_AEQVI,fold_contiguous_5,0.8097000329625249,0.42654966492800434
Kermut,kermut,GLPA_HUMAN_Elazar_2016,GLPA_HUMAN,fold_random_5,0.4428464808525807,0.7645847783335646
Kermut,kermut,GLPA_HUMAN_Elazar_2016,GLPA_HUMAN,fold_modulo_5,0.8929215664929989,0.45949946551991455
Kermut,kermut,GLPA_HUMAN_Elazar_2016,GLPA_HUMAN,fold_contiguous_5,0.9675988794586082,0.3998367999738881
Kermut,kermut,GRB2_HUMAN_Faure_2021,GRB2_HUMAN,fold_random_5,0.1557128148641741,0.9054881778282451
Kermut,kermut,GRB2_HUMAN_Faure_2021,GRB2_HUMAN,fold_modulo_5,0.303509470390616,0.8213542398090604
Kermut,kermut,GRB2_HUMAN_Faure_2021,GRB2_HUMAN,fold_contiguous_5,0.36969745614027855,0.7908887952304422
Kermut,kermut,HCP_LAMBD_Tsuboyama_2023_2L6Q,HCP_LAMBD,fold_random_5,0.09412200175133813,0.9142367102211278
Kermut,kermut,HCP_LAMBD_Tsuboyama_2023_2L6Q,HCP_LAMBD,fold_modulo_5,0.23343239216823722,0.825915647538079
Kermut,kermut,HCP_LAMBD_Tsuboyama_2023_2L6Q,HCP_LAMBD,fold_contiguous_5,0.30420450016681944,0.7818352592923854
Kermut,kermut,HECD1_HUMAN_Tsuboyama_2023_3DKM,HECD1_HUMAN,fold_random_5,0.14352609873021907,0.9245978977645365
Kermut,kermut,HECD1_HUMAN_Tsuboyama_2023_3DKM,HECD1_HUMAN,fold_modulo_5,0.33151367234684137,0.8299623453654026
Kermut,kermut,HECD1_HUMAN_Tsuboyama_2023_3DKM,HECD1_HUMAN,fold_contiguous_5,0.42992025057469396,0.7861551048557391
Kermut,kermut,HEM3_HUMAN_Loggerenberg_2023,HEM3_HUMAN,fold_random_5,0.7113883556387175,0.5257186783720839
Kermut,kermut,HEM3_HUMAN_Loggerenberg_2023,HEM3_HUMAN,fold_modulo_5,0.7504808184843667,0.4944408504508679
Kermut,kermut,HEM3_HUMAN_Loggerenberg_2023,HEM3_HUMAN,fold_contiguous_5,0.7780308989447123,0.48262095388383647
Kermut,kermut,HIS7_YEAST_Pokusaeva_2019,HIS7_YEAST,fold_random_5,1.2601858465097493,0.040174958731082705
Kermut,kermut,HIS7_YEAST_Pokusaeva_2019,HIS7_YEAST,fold_modulo_5,1.6251665868731588,0.031620633387057284
Kermut,kermut,HIS7_YEAST_Pokusaeva_2019,HIS7_YEAST,fold_contiguous_5,1.171915576070037,0.06998597901407667
Kermut,kermut,HMDH_HUMAN_Jiang_2019,HMDH_HUMAN,fold_random_5,0.44330312124188986,0.7324596005737396
Kermut,kermut,HMDH_HUMAN_Jiang_2019,HMDH_HUMAN,fold_modulo_5,0.5480909828020996,0.6599678546500369
Kermut,kermut,HMDH_HUMAN_Jiang_2019,HMDH_HUMAN,fold_contiguous_5,0.7217145927809886,0.6285077804922057
Kermut,kermut,HSP82_YEAST_Cote-Hammarlof_2020_growth-H2O2,HSP82_YEAST,fold_random_5,0.5001848939157244,0.6184729852848433
Kermut,kermut,HSP82_YEAST_Cote-Hammarlof_2020_growth-H2O2,HSP82_YEAST,fold_modulo_5,0.8732976074312291,0.45037865917397013
Kermut,kermut,HSP82_YEAST_Cote-Hammarlof_2020_growth-H2O2,HSP82_YEAST,fold_contiguous_5,0.9161960069485573,0.41474344784654893
Kermut,kermut,HSP82_YEAST_Flynn_2019,HSP82_YEAST,fold_random_5,0.37215334459664345,0.657652913490194
Kermut,kermut,HSP82_YEAST_Flynn_2019,HSP82_YEAST,fold_modulo_5,0.5720653771985178,0.5176532402318377
Kermut,kermut,HSP82_YEAST_Flynn_2019,HSP82_YEAST,fold_contiguous_5,0.7434750902598337,0.4255469976764227
Kermut,kermut,HSP82_YEAST_Mishra_2016,HSP82_YEAST,fold_random_5,0.2251846088326457,0.7168916951525287
Kermut,kermut,HSP82_YEAST_Mishra_2016,HSP82_YEAST,fold_modulo_5,0.4311031494970489,0.602487124755226
Kermut,kermut,HSP82_YEAST_Mishra_2016,HSP82_YEAST,fold_contiguous_5,0.587884097082144,0.6329380596405397
Kermut,kermut,HXK4_HUMAN_Gersing_2022_activity,HXK4_HUMAN,fold_random_5,0.5513318651870628,0.6999513687723776
Kermut,kermut,HXK4_HUMAN_Gersing_2022_activity,HXK4_HUMAN,fold_modulo_5,0.6458155603354424,0.6495634465030504
Kermut,kermut,HXK4_HUMAN_Gersing_2022_activity,HXK4_HUMAN,fold_contiguous_5,0.7079117579868032,0.6324382382286766
Kermut,kermut,HXK4_HUMAN_Gersing_2023_abundance,HXK4_HUMAN,fold_random_5,0.4723839594836841,0.6615186819127563
Kermut,kermut,HXK4_HUMAN_Gersing_2023_abundance,HXK4_HUMAN,fold_modulo_5,0.5904592588420294,0.5716853934396275
Kermut,kermut,HXK4_HUMAN_Gersing_2023_abundance,HXK4_HUMAN,fold_contiguous_5,0.7076371996791097,0.4930542517534697
Kermut,kermut,I6TAH8_I68A0_Doud_2015,I6TAH8_I68A0,fold_random_5,0.41466849619056345,0.7429801058166271
Kermut,kermut,I6TAH8_I68A0_Doud_2015,I6TAH8_I68A0,fold_modulo_5,0.7594406168206258,0.4867686078605712
Kermut,kermut,I6TAH8_I68A0_Doud_2015,I6TAH8_I68A0,fold_contiguous_5,0.8979143444963702,0.3884889841528131
Kermut,kermut,IF1_ECOLI_Kelsic_2016,IF1_ECOLI,fold_random_5,0.27154757874109114,0.7753270605692635
Kermut,kermut,IF1_ECOLI_Kelsic_2016,IF1_ECOLI,fold_modulo_5,0.621159471503909,0.5644471602314692
Kermut,kermut,IF1_ECOLI_Kelsic_2016,IF1_ECOLI,fold_contiguous_5,0.6083804544458576,0.5508514679752143
Kermut,kermut,ILF3_HUMAN_Tsuboyama_2023_2L33,ILF3_HUMAN,fold_random_5,0.23426574051816673,0.7590329938864314
Kermut,kermut,ILF3_HUMAN_Tsuboyama_2023_2L33,ILF3_HUMAN,fold_modulo_5,0.45041432060136566,0.6487967246027168
Kermut,kermut,ILF3_HUMAN_Tsuboyama_2023_2L33,ILF3_HUMAN,fold_contiguous_5,0.4643336918676291,0.6397870202444566
Kermut,kermut,ISDH_STAAW_Tsuboyama_2023_2LHR,ISDH_STAAW,fold_random_5,0.19685388114223057,0.8864576602368943
Kermut,kermut,ISDH_STAAW_Tsuboyama_2023_2LHR,ISDH_STAAW,fold_modulo_5,0.3677006514369797,0.7828747867793018
Kermut,kermut,ISDH_STAAW_Tsuboyama_2023_2LHR,ISDH_STAAW,fold_contiguous_5,0.4892829191717966,0.7069389833209457
Kermut,kermut,KCNE1_HUMAN_Muhammad_2023_expression,KCNE1_HUMAN,fold_random_5,0.3354126909874533,0.7918549869427078
Kermut,kermut,KCNE1_HUMAN_Muhammad_2023_expression,KCNE1_HUMAN,fold_modulo_5,0.6536482856863933,0.5835682477440431
Kermut,kermut,KCNE1_HUMAN_Muhammad_2023_expression,KCNE1_HUMAN,fold_contiguous_5,1.120711913219486,0.2250494318423673
Kermut,kermut,KCNE1_HUMAN_Muhammad_2023_function,KCNE1_HUMAN,fold_random_5,0.2585703824275763,0.7859287519621526
Kermut,kermut,KCNE1_HUMAN_Muhammad_2023_function,KCNE1_HUMAN,fold_modulo_5,0.46944278885138185,0.6895497958508154
Kermut,kermut,KCNE1_HUMAN_Muhammad_2023_function,KCNE1_HUMAN,fold_contiguous_5,0.6594513734002636,0.6826939469000007
Kermut,kermut,KCNH2_HUMAN_Kozek_2020,KCNH2_HUMAN,fold_random_5,0.5510052527805178,0.6999489987249682
Kermut,kermut,KCNH2_HUMAN_Kozek_2020,KCNH2_HUMAN,fold_modulo_5,0.8556660056829217,0.4685847146178655
Kermut,kermut,KCNH2_HUMAN_Kozek_2020,KCNH2_HUMAN,fold_contiguous_5,0.8351004955728595,0.5088247206180155
Kermut,kermut,KCNJ2_MOUSE_Coyote-Maestas_2022_function,KCNJ2_MOUSE,fold_random_5,0.8187580728283126,0.47693405742994005
Kermut,kermut,KCNJ2_MOUSE_Coyote-Maestas_2022_function,KCNJ2_MOUSE,fold_modulo_5,0.8347138324818755,0.4580303414681715
Kermut,kermut,KCNJ2_MOUSE_Coyote-Maestas_2022_function,KCNJ2_MOUSE,fold_contiguous_5,0.8811451638438105,0.44712040791846475
Kermut,kermut,KCNJ2_MOUSE_Coyote-Maestas_2022_surface,KCNJ2_MOUSE,fold_random_5,0.40694615503127124,0.6546756846748002
Kermut,kermut,KCNJ2_MOUSE_Coyote-Maestas_2022_surface,KCNJ2_MOUSE,fold_modulo_5,0.5915231716451669,0.5066812990720021
Kermut,kermut,KCNJ2_MOUSE_Coyote-Maestas_2022_surface,KCNJ2_MOUSE,fold_contiguous_5,0.7181634395821063,0.4554049253198378
Kermut,kermut,KKA2_KLEPN_Melnikov_2014,KKA2_KLEPN,fold_random_5,0.4065344611159779,0.807952805453239
Kermut,kermut,KKA2_KLEPN_Melnikov_2014,KKA2_KLEPN,fold_modulo_5,0.5113272908682963,0.7412709973716896
Kermut,kermut,KKA2_KLEPN_Melnikov_2014,KKA2_KLEPN,fold_contiguous_5,0.556515187247164,0.74065486883561
Kermut,kermut,LGK_LIPST_Klesmith_2015,LGK_LIPST,fold_random_5,0.41746182852979496,0.7820073667774556
Kermut,kermut,LGK_LIPST_Klesmith_2015,LGK_LIPST,fold_modulo_5,0.5568421314213476,0.6823880013904292
Kermut,kermut,LGK_LIPST_Klesmith_2015,LGK_LIPST,fold_contiguous_5,0.651089002956784,0.625942597368502
Kermut,kermut,LYAM1_HUMAN_Elazar_2016,LYAM1_HUMAN,fold_random_5,0.5244312122142101,0.6951872503791355
Kermut,kermut,LYAM1_HUMAN_Elazar_2016,LYAM1_HUMAN,fold_modulo_5,0.6993475265812609,0.5849966023975143
Kermut,kermut,LYAM1_HUMAN_Elazar_2016,LYAM1_HUMAN,fold_contiguous_5,0.6621577064303403,0.6244513261024054
Kermut,kermut,MAFG_MOUSE_Tsuboyama_2023_1K1V,MAFG_MOUSE,fold_random_5,0.12056647174522718,0.9333788806303129
Kermut,kermut,MAFG_MOUSE_Tsuboyama_2023_1K1V,MAFG_MOUSE,fold_modulo_5,0.32489140034252023,0.8129825147280042
Kermut,kermut,MAFG_MOUSE_Tsuboyama_2023_1K1V,MAFG_MOUSE,fold_contiguous_5,0.3514077246479207,0.8113731937771242
Kermut,kermut,MBD11_ARATH_Tsuboyama_2023_6ACV,MBD11_ARATH,fold_random_5,0.09777232525456413,0.9424325783659648
Kermut,kermut,MBD11_ARATH_Tsuboyama_2023_6ACV,MBD11_ARATH,fold_modulo_5,0.33901756195879046,0.7831427943701785
Kermut,kermut,MBD11_ARATH_Tsuboyama_2023_6ACV,MBD11_ARATH,fold_contiguous_5,0.41776699177102633,0.7814844172695513
Kermut,kermut,MET_HUMAN_Estevam_2023,MET_HUMAN,fold_random_5,0.39223703530363674,0.6942741079377266
Kermut,kermut,MET_HUMAN_Estevam_2023,MET_HUMAN,fold_modulo_5,0.5290280877733979,0.6387130904924365
Kermut,kermut,MET_HUMAN_Estevam_2023,MET_HUMAN,fold_contiguous_5,0.541714542538192,0.6542924607331432
Kermut,kermut,MK01_HUMAN_Brenan_2016,MK01_HUMAN,fold_random_5,0.6982325020113745,0.5995303969390545
Kermut,kermut,MK01_HUMAN_Brenan_2016,MK01_HUMAN,fold_modulo_5,0.7686775467244586,0.5115151606505091
Kermut,kermut,MK01_HUMAN_Brenan_2016,MK01_HUMAN,fold_contiguous_5,0.8565437411619103,0.4527030267610636
Kermut,kermut,MLAC_ECOLI_MacRae_2023,MLAC_ECOLI,fold_random_5,0.32588440971213256,0.7804805113386186
Kermut,kermut,MLAC_ECOLI_MacRae_2023,MLAC_ECOLI,fold_modulo_5,0.5713866155059046,0.6391504699280101
Kermut,kermut,MLAC_ECOLI_MacRae_2023,MLAC_ECOLI,fold_contiguous_5,0.7228250537851948,0.5717464400287159
Kermut,kermut,MSH2_HUMAN_Jia_2020,MSH2_HUMAN,fold_random_5,0.411784084494681,0.6654488928377491
Kermut,kermut,MSH2_HUMAN_Jia_2020,MSH2_HUMAN,fold_modulo_5,0.5896271546030135,0.5609541055084288
Kermut,kermut,MSH2_HUMAN_Jia_2020,MSH2_HUMAN,fold_contiguous_5,0.7679448089227545,0.3715890981025276
Kermut,kermut,MTH3_HAEAE_RockahShmuel_2015,MTH3_HAEAE,fold_random_5,0.407931534444419,0.7626924572794973
Kermut,kermut,MTH3_HAEAE_RockahShmuel_2015,MTH3_HAEAE,fold_modulo_5,0.46114734046840034,0.7357135356192397
Kermut,kermut,MTH3_HAEAE_RockahShmuel_2015,MTH3_HAEAE,fold_contiguous_5,0.5020893332246396,0.7098716980945354
Kermut,kermut,MTHR_HUMAN_Weile_2021,MTHR_HUMAN,fold_random_5,0.3872527701702405,0.6981929585170715
Kermut,kermut,MTHR_HUMAN_Weile_2021,MTHR_HUMAN,fold_modulo_5,0.5003577500830297,0.6313520060493867
Kermut,kermut,MTHR_HUMAN_Weile_2021,MTHR_HUMAN,fold_contiguous_5,0.6676009073641326,0.5844370996499683
Kermut,kermut,MYO3_YEAST_Tsuboyama_2023_2BTT,MYO3_YEAST,fold_random_5,0.1695318165893625,0.9203078265699208
Kermut,kermut,MYO3_YEAST_Tsuboyama_2023_2BTT,MYO3_YEAST,fold_modulo_5,0.3503943358630589,0.8143975836694334
Kermut,kermut,MYO3_YEAST_Tsuboyama_2023_2BTT,MYO3_YEAST,fold_contiguous_5,0.38810093801671625,0.7971302174733118
Kermut,kermut,NCAP_I34A1_Doud_2015,NCAP_I34A1,fold_random_5,0.5748849210983376,0.6544848784875033
Kermut,kermut,NCAP_I34A1_Doud_2015,NCAP_I34A1,fold_modulo_5,0.7573025761839989,0.5052484495544157
Kermut,kermut,NCAP_I34A1_Doud_2015,NCAP_I34A1,fold_contiguous_5,0.8281876318638624,0.43844382424819334
Kermut,kermut,NKX31_HUMAN_Tsuboyama_2023_2L9R,NKX31_HUMAN,fold_random_5,0.1820201362846775,0.8862110535511076
Kermut,kermut,NKX31_HUMAN_Tsuboyama_2023_2L9R,NKX31_HUMAN,fold_modulo_5,0.2896212927472983,0.8171645960755214
Kermut,kermut,NKX31_HUMAN_Tsuboyama_2023_2L9R,NKX31_HUMAN,fold_contiguous_5,0.35401149271153476,0.7896072713090784
Kermut,kermut,NPC1_HUMAN_Erwood_2022_HEK293T,NPC1_HUMAN,fold_random_5,0.34618559748675226,0.8197585015597842
Kermut,kermut,NPC1_HUMAN_Erwood_2022_HEK293T,NPC1_HUMAN,fold_modulo_5,0.4110899528601554,0.7860305880567988
Kermut,kermut,NPC1_HUMAN_Erwood_2022_HEK293T,NPC1_HUMAN,fold_contiguous_5,0.4501664494370251,0.7709757479252786
Kermut,kermut,NPC1_HUMAN_Erwood_2022_RPE1,NPC1_HUMAN,fold_random_5,0.45582078521538616,0.7719854070660523
Kermut,kermut,NPC1_HUMAN_Erwood_2022_RPE1,NPC1_HUMAN,fold_modulo_5,0.4866688266269753,0.7196620583717358
Kermut,kermut,NPC1_HUMAN_Erwood_2022_RPE1,NPC1_HUMAN,fold_contiguous_5,0.5172069504540934,0.8032354070660522
Kermut,kermut,NRAM_I33A0_Jiang_2016,NRAM_I33A0,fold_random_5,0.4337842493097457,0.7312933151859327
Kermut,kermut,NRAM_I33A0_Jiang_2016,NRAM_I33A0,fold_modulo_5,0.46534682057442983,0.7157324405646552
Kermut,kermut,NRAM_I33A0_Jiang_2016,NRAM_I33A0,fold_contiguous_5,1.5718781150548755,0.19146165250629799
Kermut,kermut,NUD15_HUMAN_Suiter_2020,NUD15_HUMAN,fold_random_5,0.2569397986241001,0.8348231438441356
Kermut,kermut,NUD15_HUMAN_Suiter_2020,NUD15_HUMAN,fold_modulo_5,0.50671107465721,0.6846369613828326
Kermut,kermut,NUD15_HUMAN_Suiter_2020,NUD15_HUMAN,fold_contiguous_5,0.545878280392751,0.6643532271988748
Kermut,kermut,NUSA_ECOLI_Tsuboyama_2023_1WCL,NUSA_ECOLI,fold_random_5,0.08032321877882063,0.944075175264357
Kermut,kermut,NUSA_ECOLI_Tsuboyama_2023_1WCL,NUSA_ECOLI,fold_modulo_5,0.20148425709651618,0.8796031518460445
Kermut,kermut,NUSA_ECOLI_Tsuboyama_2023_1WCL,NUSA_ECOLI,fold_contiguous_5,0.24411944170935804,0.8634059588743342
Kermut,kermut,NUSG_MYCTU_Tsuboyama_2023_2MI6,NUSG_MYCTU,fold_random_5,0.0790766764009304,0.9525194084836959
Kermut,kermut,NUSG_MYCTU_Tsuboyama_2023_2MI6,NUSG_MYCTU,fold_modulo_5,0.1878058512962772,0.8953258707463543
Kermut,kermut,NUSG_MYCTU_Tsuboyama_2023_2MI6,NUSG_MYCTU,fold_contiguous_5,0.24845461907471036,0.8484595527914273
Kermut,kermut,OBSCN_HUMAN_Tsuboyama_2023_1V1C,OBSCN_HUMAN,fold_random_5,0.09685056804868827,0.9313722225974713
Kermut,kermut,OBSCN_HUMAN_Tsuboyama_2023_1V1C,OBSCN_HUMAN,fold_modulo_5,0.27644204941868245,0.8375560077402134
Kermut,kermut,OBSCN_HUMAN_Tsuboyama_2023_1V1C,OBSCN_HUMAN,fold_contiguous_5,0.28569827694265637,0.8226674085529921
Kermut,kermut,ODP2_GEOSE_Tsuboyama_2023_1W4G,ODP2_GEOSE,fold_random_5,0.20710108112229725,0.8893254786190954
Kermut,kermut,ODP2_GEOSE_Tsuboyama_2023_1W4G,ODP2_GEOSE,fold_modulo_5,0.38415901358937776,0.7401765106424592
Kermut,kermut,ODP2_GEOSE_Tsuboyama_2023_1W4G,ODP2_GEOSE,fold_contiguous_5,0.44388600094730996,0.7129491769422803
Kermut,kermut,OPSD_HUMAN_Wan_2019,OPSD_HUMAN,fold_random_5,0.4405676106242352,0.7274383565303343
Kermut,kermut,OPSD_HUMAN_Wan_2019,OPSD_HUMAN,fold_modulo_5,0.47361851953610984,0.7248791173563434
Kermut,kermut,OPSD_HUMAN_Wan_2019,OPSD_HUMAN,fold_contiguous_5,0.6244694557727253,0.6959581118264634
Kermut,kermut,OTC_HUMAN_Lo_2023,OTC_HUMAN,fold_random_5,0.25619361153936726,0.8691559164622906
Kermut,kermut,OTC_HUMAN_Lo_2023,OTC_HUMAN,fold_modulo_5,0.3746735437734132,0.8062493921920247
Kermut,kermut,OTC_HUMAN_Lo_2023,OTC_HUMAN,fold_contiguous_5,0.4477604859129415,0.7680969579718869
Kermut,kermut,OTU7A_HUMAN_Tsuboyama_2023_2L2D,OTU7A_HUMAN,fold_random_5,0.1963617769314352,0.9056285551056905
Kermut,kermut,OTU7A_HUMAN_Tsuboyama_2023_2L2D,OTU7A_HUMAN,fold_modulo_5,0.4083550083303857,0.8074079767467909
Kermut,kermut,OTU7A_HUMAN_Tsuboyama_2023_2L2D,OTU7A_HUMAN,fold_contiguous_5,0.4249912263786319,0.7887095209462128
Kermut,kermut,OXDA_RHOTO_Vanella_2023_activity,OXDA_RHOTO,fold_random_5,0.6839389745102605,0.5888541419336216
Kermut,kermut,OXDA_RHOTO_Vanella_2023_activity,OXDA_RHOTO,fold_modulo_5,0.7493038847756596,0.5286667436722996
Kermut,kermut,OXDA_RHOTO_Vanella_2023_activity,OXDA_RHOTO,fold_contiguous_5,0.7805998171454037,0.5095873318762101
Kermut,kermut,OXDA_RHOTO_Vanella_2023_expression,OXDA_RHOTO,fold_random_5,0.5750552678948686,0.661187383981681
Kermut,kermut,OXDA_RHOTO_Vanella_2023_expression,OXDA_RHOTO,fold_modulo_5,0.635579956378876,0.6135794812025801
Kermut,kermut,OXDA_RHOTO_Vanella_2023_expression,OXDA_RHOTO,fold_contiguous_5,0.6762361021969341,0.5967124287349769
Kermut,kermut,P53_HUMAN_Giacomelli_2018_Null_Etoposide,P53_HUMAN,fold_random_5,0.32243400134538963,0.7657545852532526
Kermut,kermut,P53_HUMAN_Giacomelli_2018_Null_Etoposide,P53_HUMAN,fold_modulo_5,0.4338808812269237,0.706171595635153
Kermut,kermut,P53_HUMAN_Giacomelli_2018_Null_Etoposide,P53_HUMAN,fold_contiguous_5,0.6065401446354889,0.5637088235534773
Kermut,kermut,P53_HUMAN_Giacomelli_2018_Null_Nutlin,P53_HUMAN,fold_random_5,0.42075251895714705,0.7402142984253912
Kermut,kermut,P53_HUMAN_Giacomelli_2018_Null_Nutlin,P53_HUMAN,fold_modulo_5,0.47949512144000794,0.6934667656944509
Kermut,kermut,P53_HUMAN_Giacomelli_2018_Null_Nutlin,P53_HUMAN,fold_contiguous_5,0.8366031122235116,0.6504186476656525
Kermut,kermut,P53_HUMAN_Giacomelli_2018_WT_Nutlin,P53_HUMAN,fold_random_5,0.2120240773740276,0.8851946323397153
Kermut,kermut,P53_HUMAN_Giacomelli_2018_WT_Nutlin,P53_HUMAN,fold_modulo_5,0.27057041656134423,0.8592428298716849
Kermut,kermut,P53_HUMAN_Giacomelli_2018_WT_Nutlin,P53_HUMAN,fold_contiguous_5,0.5884597712517123,0.7439108697984008
Kermut,kermut,P53_HUMAN_Kotler_2018,P53_HUMAN,fold_random_5,0.3472500924389848,0.7905387911661887
Kermut,kermut,P53_HUMAN_Kotler_2018,P53_HUMAN,fold_modulo_5,0.4306276206690934,0.7435375788239807
Kermut,kermut,P53_HUMAN_Kotler_2018,P53_HUMAN,fold_contiguous_5,0.4667412741631211,0.7241782087790357
Kermut,kermut,P84126_THETH_Chan_2017,P84126_THETH,fold_random_5,0.2498833064808228,0.8586907008784326
Kermut,kermut,P84126_THETH_Chan_2017,P84126_THETH,fold_modulo_5,0.45789048652746506,0.7335173062602797
Kermut,kermut,P84126_THETH_Chan_2017,P84126_THETH,fold_contiguous_5,0.45143591804542677,0.7563968495311088
Kermut,kermut,PA_I34A1_Wu_2015,PA_I34A1,fold_random_5,0.8988760428859088,0.5392654967918094
Kermut,kermut,PA_I34A1_Wu_2015,PA_I34A1,fold_modulo_5,0.9187789926894029,0.4571572207572581
Kermut,kermut,PA_I34A1_Wu_2015,PA_I34A1,fold_contiguous_5,1.0578067136049318,0.2263567359028429
Kermut,kermut,PABP_YEAST_Melamed_2013,PABP_YEAST,fold_random_5,0.23689997094719759,0.8482400260864539
Kermut,kermut,PABP_YEAST_Melamed_2013,PABP_YEAST,fold_modulo_5,0.4168383345248722,0.7489239480305712
Kermut,kermut,PABP_YEAST_Melamed_2013,PABP_YEAST,fold_contiguous_5,0.4660511524945262,0.725965845657311
Kermut,kermut,PAI1_HUMAN_Huttinger_2021,PAI1_HUMAN,fold_random_5,0.6231604240068357,0.5985779788897055
Kermut,kermut,PAI1_HUMAN_Huttinger_2021,PAI1_HUMAN,fold_modulo_5,0.6838091565948733,0.5435346670951524
Kermut,kermut,PAI1_HUMAN_Huttinger_2021,PAI1_HUMAN,fold_contiguous_5,0.7300886203046102,0.5131240784066473
Kermut,kermut,PHOT_CHLRE_Chen_2023,PHOT_CHLRE,fold_random_5,0.24518162425989862,0.7893858765838088
Kermut,kermut,PHOT_CHLRE_Chen_2023,PHOT_CHLRE,fold_modulo_5,0.45834713250732667,0.6764718253979991
Kermut,kermut,PHOT_CHLRE_Chen_2023,PHOT_CHLRE,fold_contiguous_5,0.472253207341302,0.658152479365904
Kermut,kermut,PIN1_HUMAN_Tsuboyama_2023_1I6C,PIN1_HUMAN,fold_random_5,0.1485680593142634,0.9230421434411996
Kermut,kermut,PIN1_HUMAN_Tsuboyama_2023_1I6C,PIN1_HUMAN,fold_modulo_5,0.30836459484055556,0.8212061977119282
Kermut,kermut,PIN1_HUMAN_Tsuboyama_2023_1I6C,PIN1_HUMAN,fold_contiguous_5,0.37085461503208667,0.8207769414918158
Kermut,kermut,PITX2_HUMAN_Tsuboyama_2023_2L7M,PITX2_HUMAN,fold_random_5,0.12692265459369478,0.9313776180587735
Kermut,kermut,PITX2_HUMAN_Tsuboyama_2023_2L7M,PITX2_HUMAN,fold_modulo_5,0.34243688374753195,0.7708580916695674
Kermut,kermut,PITX2_HUMAN_Tsuboyama_2023_2L7M,PITX2_HUMAN,fold_contiguous_5,0.4115335340248019,0.7275849953139173
Kermut,kermut,PKN1_HUMAN_Tsuboyama_2023_1URF,PKN1_HUMAN,fold_random_5,0.15493653923168474,0.861687066993159
Kermut,kermut,PKN1_HUMAN_Tsuboyama_2023_1URF,PKN1_HUMAN,fold_modulo_5,0.3107093291883846,0.6839966802184451
Kermut,kermut,PKN1_HUMAN_Tsuboyama_2023_1URF,PKN1_HUMAN,fold_contiguous_5,0.4133566512639599,0.6470400131221831
Kermut,kermut,POLG_CXB3N_Mattenberger_2021,POLG_CXB3N,fold_random_5,0.4039941328959501,0.7297073651220743
Kermut,kermut,POLG_CXB3N_Mattenberger_2021,POLG_CXB3N,fold_modulo_5,0.6580515712092266,0.5639242961546177
Kermut,kermut,POLG_CXB3N_Mattenberger_2021,POLG_CXB3N,fold_contiguous_5,0.763168078406469,0.49321250258515875
Kermut,kermut,POLG_DEN26_Suphatrakul_2023,POLG_DEN26,fold_random_5,0.2692210865383611,0.8247738026460185
Kermut,kermut,POLG_DEN26_Suphatrakul_2023,POLG_DEN26,fold_modulo_5,0.5551704217954858,0.6552723707628983
Kermut,kermut,POLG_DEN26_Suphatrakul_2023,POLG_DEN26,fold_contiguous_5,0.6837035025346786,0.5677423293949642
Kermut,kermut,POLG_HCVJF_Qi_2014,POLG_HCVJF,fold_random_5,0.5013944782922217,0.7051641297722873
Kermut,kermut,POLG_HCVJF_Qi_2014,POLG_HCVJF,fold_modulo_5,0.7597261025452193,0.5938464044851408
Kermut,kermut,POLG_HCVJF_Qi_2014,POLG_HCVJF,fold_contiguous_5,0.7713279746233622,0.5047974916538608
Kermut,kermut,POLG_PESV_Tsuboyama_2023_2MXD,POLG_PESV,fold_random_5,0.11321747980751908,0.9180411889512288
Kermut,kermut,POLG_PESV_Tsuboyama_2023_2MXD,POLG_PESV,fold_modulo_5,0.40651618933021594,0.721923793167676
Kermut,kermut,POLG_PESV_Tsuboyama_2023_2MXD,POLG_PESV,fold_contiguous_5,0.4428194459956707,0.6882308319859217
Kermut,kermut,PPARG_HUMAN_Majithia_2016,PPARG_HUMAN,fold_random_5,0.09365796097982791,0.9498865983957704
Kermut,kermut,PPARG_HUMAN_Majithia_2016,PPARG_HUMAN,fold_modulo_5,0.2638995318435208,0.8836317342828561
Kermut,kermut,PPARG_HUMAN_Majithia_2016,PPARG_HUMAN,fold_contiguous_5,0.6386767382786375,0.7643688630118993
Kermut,kermut,PPM1D_HUMAN_Miller_2022,PPM1D_HUMAN,fold_random_5,0.5405196239712187,0.6870907007864051
Kermut,kermut,PPM1D_HUMAN_Miller_2022,PPM1D_HUMAN,fold_modulo_5,0.5751474107219453,0.6625746387363759
Kermut,kermut,PPM1D_HUMAN_Miller_2022,PPM1D_HUMAN,fold_contiguous_5,0.6073395204101456,0.672374500230935
Kermut,kermut,PR40A_HUMAN_Tsuboyama_2023_1UZC,PR40A_HUMAN,fold_random_5,0.17778049691987516,0.8839973476421067
Kermut,kermut,PR40A_HUMAN_Tsuboyama_2023_1UZC,PR40A_HUMAN,fold_modulo_5,0.3980163886548502,0.746506711887128
Kermut,kermut,PR40A_HUMAN_Tsuboyama_2023_1UZC,PR40A_HUMAN,fold_contiguous_5,0.534898883580526,0.6850206682796387
Kermut,kermut,PRKN_HUMAN_Clausen_2023,PRKN_HUMAN,fold_random_5,0.15108716213947104,0.8747890500862793
Kermut,kermut,PRKN_HUMAN_Clausen_2023,PRKN_HUMAN,fold_modulo_5,0.3615090367885346,0.7493532260668291
Kermut,kermut,PRKN_HUMAN_Clausen_2023,PRKN_HUMAN,fold_contiguous_5,0.5164129599830618,0.6850668064183965
Kermut,kermut,PSAE_SYNP2_Tsuboyama_2023_1PSE,PSAE_SYNP2,fold_random_5,0.1583266273246115,0.9001071953087129
Kermut,kermut,PSAE_SYNP2_Tsuboyama_2023_1PSE,PSAE_SYNP2,fold_modulo_5,0.40062635927806334,0.7312863827906646
Kermut,kermut,PSAE_SYNP2_Tsuboyama_2023_1PSE,PSAE_SYNP2,fold_contiguous_5,0.45960896708232607,0.7203375357083068
Kermut,kermut,PTEN_HUMAN_Matreyek_2021,PTEN_HUMAN,fold_random_5,0.4630788762143617,0.7080195820232129
Kermut,kermut,PTEN_HUMAN_Matreyek_2021,PTEN_HUMAN,fold_modulo_5,0.5310578425258231,0.6641471291816408
Kermut,kermut,PTEN_HUMAN_Matreyek_2021,PTEN_HUMAN,fold_contiguous_5,0.6389760521937209,0.5945345938333954
Kermut,kermut,PTEN_HUMAN_Mighell_2018,PTEN_HUMAN,fold_random_5,0.3713313677173846,0.6474628551632299
Kermut,kermut,PTEN_HUMAN_Mighell_2018,PTEN_HUMAN,fold_modulo_5,0.5054375658071049,0.5891728097288766
Kermut,kermut,PTEN_HUMAN_Mighell_2018,PTEN_HUMAN,fold_contiguous_5,0.6217540677797496,0.5351043373511741
Kermut,kermut,Q2N0S5_9HIV1_Haddox_2018,Q2N0S5_9HIV1,fold_random_5,0.29265325608431847,0.8411522928289531
Kermut,kermut,Q2N0S5_9HIV1_Haddox_2018,Q2N0S5_9HIV1,fold_modulo_5,0.6038316607486008,0.6288325193579555
Kermut,kermut,Q2N0S5_9HIV1_Haddox_2018,Q2N0S5_9HIV1,fold_contiguous_5,0.7383514544089457,0.5134485862642336
Kermut,kermut,Q53Z42_HUMAN_McShan_2019_binding-TAPBPR,Q53Z42_HUMAN,fold_random_5,0.37095809025803583,0.7869578139558416
Kermut,kermut,Q53Z42_HUMAN_McShan_2019_binding-TAPBPR,Q53Z42_HUMAN,fold_modulo_5,0.58548851579661,0.647046351632345
Kermut,kermut,Q53Z42_HUMAN_McShan_2019_binding-TAPBPR,Q53Z42_HUMAN,fold_contiguous_5,0.7562760721229965,0.5710674946352987
Kermut,kermut,Q53Z42_HUMAN_McShan_2019_expression,Q53Z42_HUMAN,fold_random_5,0.41280586155781684,0.781598759122246
Kermut,kermut,Q53Z42_HUMAN_McShan_2019_expression,Q53Z42_HUMAN,fold_modulo_5,0.5928824578708256,0.6577097585109354
Kermut,kermut,Q53Z42_HUMAN_McShan_2019_expression,Q53Z42_HUMAN,fold_contiguous_5,0.6328436820712573,0.6325621523869108
Kermut,kermut,Q59976_STRSQ_Romero_2015,Q59976_STRSQ,fold_random_5,0.43847688357616804,0.7612676866179828
Kermut,kermut,Q59976_STRSQ_Romero_2015,Q59976_STRSQ,fold_modulo_5,0.47778096794808744,0.721864714008798
Kermut,kermut,Q59976_STRSQ_Romero_2015,Q59976_STRSQ,fold_contiguous_5,0.522076883372385,0.68269085975422
Kermut,kermut,Q6WV13_9MAXI_Somermeyer_2022,Q6WV12_9MAXI,fold_random_5,0.3559244492625885,0.7188769200406925
Kermut,kermut,Q6WV13_9MAXI_Somermeyer_2022,Q6WV12_9MAXI,fold_modulo_5,0.7468707112825808,0.4725844916460997
Kermut,kermut,Q6WV13_9MAXI_Somermeyer_2022,Q6WV12_9MAXI,fold_contiguous_5,1.0114558386689758,0.3685773774955046
Kermut,kermut,Q837P4_ENTFA_Meier_2023,Q837P4_ENTFA,fold_random_5,0.3080416461545402,0.8051489530939351
Kermut,kermut,Q837P4_ENTFA_Meier_2023,Q837P4_ENTFA,fold_modulo_5,0.5201091955164588,0.6244330260944438
Kermut,kermut,Q837P4_ENTFA_Meier_2023,Q837P4_ENTFA,fold_contiguous_5,0.8547084973696133,0.6333734714666797
Kermut,kermut,Q837P5_ENTFA_Meier_2023,Q837P5_ENTFA,fold_random_5,0.29307172066428283,0.8081402181103303
Kermut,kermut,Q837P5_ENTFA_Meier_2023,Q837P5_ENTFA,fold_modulo_5,0.6800212174221244,0.6219579757000216
Kermut,kermut,Q837P5_ENTFA_Meier_2023,Q837P5_ENTFA,fold_contiguous_5,0.8027926975403594,0.5960642040571283
Kermut,kermut,Q8WTC7_9CNID_Somermeyer_2022,Q8WTC7_9CNID,fold_random_5,0.47099499645885784,0.6828065768819939
Kermut,kermut,Q8WTC7_9CNID_Somermeyer_2022,Q8WTC7_9CNID,fold_modulo_5,0.6987594941504163,0.5367591492266552
Kermut,kermut,Q8WTC7_9CNID_Somermeyer_2022,Q8WTC7_9CNID,fold_contiguous_5,0.8350376733262143,0.4473278826978071
Kermut,kermut,R1AB_SARS2_Flynn_2022,R1AB_SARS2,fold_random_5,0.21365495431455436,0.820371538082359
Kermut,kermut,R1AB_SARS2_Flynn_2022,R1AB_SARS2,fold_modulo_5,0.5569804263063975,0.6454342137306242
Kermut,kermut,R1AB_SARS2_Flynn_2022,R1AB_SARS2,fold_contiguous_5,0.709665770100303,0.5973335691981302
Kermut,kermut,RAD_ANTMA_Tsuboyama_2023_2CJJ,RAD_ANTMA,fold_random_5,0.22850233054470617,0.8755450570275171
Kermut,kermut,RAD_ANTMA_Tsuboyama_2023_2CJJ,RAD_ANTMA,fold_modulo_5,0.48525389384652523,0.7171522117269291
Kermut,kermut,RAD_ANTMA_Tsuboyama_2023_2CJJ,RAD_ANTMA,fold_contiguous_5,0.6909507096144543,0.6437131016259887
Kermut,kermut,RAF1_HUMAN_Zinkus-Boltz_2019,RAF1_HUMAN,fold_random_5,0.7222719964764449,0.43073272663273354
Kermut,kermut,RAF1_HUMAN_Zinkus-Boltz_2019,RAF1_HUMAN,fold_modulo_5,0.7219671390909277,0.4233209271386334
Kermut,kermut,RAF1_HUMAN_Zinkus-Boltz_2019,RAF1_HUMAN,fold_contiguous_5,0.7200350704596118,0.47607245914695945
Kermut,kermut,RASH_HUMAN_Bandaru_2017,RASH_HUMAN,fold_random_5,0.3083829128194507,0.8387751775627643
Kermut,kermut,RASH_HUMAN_Bandaru_2017,RASH_HUMAN,fold_modulo_5,0.47003976285005716,0.7193317329691971
Kermut,kermut,RASH_HUMAN_Bandaru_2017,RASH_HUMAN,fold_contiguous_5,0.5660068616400011,0.6715910657205598
Kermut,kermut,RASK_HUMAN_Weng_2022_abundance,RASK_HUMAN,fold_random_5,0.3767798708520917,0.7694063721992243
Kermut,kermut,RASK_HUMAN_Weng_2022_abundance,RASK_HUMAN,fold_modulo_5,0.5579921354399353,0.6498975826141953
Kermut,kermut,RASK_HUMAN_Weng_2022_abundance,RASK_HUMAN,fold_contiguous_5,0.7122290464179647,0.5580267648238179
Kermut,kermut,RASK_HUMAN_Weng_2022_binding-DARPin_K55,RASK_HUMAN,fold_random_5,0.21721233927560368,0.8233339459796801
Kermut,kermut,RASK_HUMAN_Weng_2022_binding-DARPin_K55,RASK_HUMAN,fold_modulo_5,0.4434157493993942,0.7055345603386903
Kermut,kermut,RASK_HUMAN_Weng_2022_binding-DARPin_K55,RASK_HUMAN,fold_contiguous_5,0.5330302551270282,0.686508123588895
Kermut,kermut,RBP1_HUMAN_Tsuboyama_2023_2KWH,RBP1_HUMAN,fold_random_5,0.15616624603968213,0.903808853650137
Kermut,kermut,RBP1_HUMAN_Tsuboyama_2023_2KWH,RBP1_HUMAN,fold_modulo_5,0.19986608521402735,0.8738174597343589
Kermut,kermut,RBP1_HUMAN_Tsuboyama_2023_2KWH,RBP1_HUMAN,fold_contiguous_5,0.24304629578409895,0.8627418686608441
Kermut,kermut,RCD1_ARATH_Tsuboyama_2023_5OAO,RCD1_ARATH,fold_random_5,0.1784626025131544,0.911001362749993
Kermut,kermut,RCD1_ARATH_Tsuboyama_2023_5OAO,RCD1_ARATH,fold_modulo_5,0.32880201892141725,0.8352119801455551
Kermut,kermut,RCD1_ARATH_Tsuboyama_2023_5OAO,RCD1_ARATH,fold_contiguous_5,0.4097892467755854,0.8078284109838372
Kermut,kermut,RCRO_LAMBD_Tsuboyama_2023_1ORC,RCRO_LAMBD,fold_random_5,0.09903854237509221,0.9289440091685812
Kermut,kermut,RCRO_LAMBD_Tsuboyama_2023_1ORC,RCRO_LAMBD,fold_modulo_5,0.3195418282968314,0.7829798648298094
Kermut,kermut,RCRO_LAMBD_Tsuboyama_2023_1ORC,RCRO_LAMBD,fold_contiguous_5,0.4278831889353216,0.6954334018787632
Kermut,kermut,RD23A_HUMAN_Tsuboyama_2023_1IFY,RD23A_HUMAN,fold_random_5,0.11930522132152076,0.9326385082984849
Kermut,kermut,RD23A_HUMAN_Tsuboyama_2023_1IFY,RD23A_HUMAN,fold_modulo_5,0.3044412779399605,0.8288059695377518
Kermut,kermut,RD23A_HUMAN_Tsuboyama_2023_1IFY,RD23A_HUMAN,fold_contiguous_5,0.317556272921663,0.8407947340426418
Kermut,kermut,RDRP_I33A0_Li_2023,RDRP_I33A0,fold_random_5,0.5137071504018198,0.6580737605501906
Kermut,kermut,RDRP_I33A0_Li_2023,RDRP_I33A0,fold_modulo_5,0.683785548353199,0.54661226334573
Kermut,kermut,RDRP_I33A0_Li_2023,RDRP_I33A0,fold_contiguous_5,0.8697191157070898,0.44730959053629193
Kermut,kermut,REV_HV1H2_Fernandes_2016,REV_HV1H2,fold_random_5,0.5846450993017562,0.5786576392380194
Kermut,kermut,REV_HV1H2_Fernandes_2016,REV_HV1H2,fold_modulo_5,0.8058068413711382,0.4054914239948092
Kermut,kermut,REV_HV1H2_Fernandes_2016,REV_HV1H2,fold_contiguous_5,0.9355184433143334,0.33080777847293086
Kermut,kermut,RFAH_ECOLI_Tsuboyama_2023_2LCL,RFAH_ECOLI,fold_random_5,0.2493658619891526,0.8590600469368521
Kermut,kermut,RFAH_ECOLI_Tsuboyama_2023_2LCL,RFAH_ECOLI,fold_modulo_5,0.5242597340093397,0.712083601618654
Kermut,kermut,RFAH_ECOLI_Tsuboyama_2023_2LCL,RFAH_ECOLI,fold_contiguous_5,0.5383605753221996,0.7024312519140471
Kermut,kermut,RL20_AQUAE_Tsuboyama_2023_1GYZ,RL20_AQUAE,fold_random_5,0.1463912046928999,0.8108496451861097
Kermut,kermut,RL20_AQUAE_Tsuboyama_2023_1GYZ,RL20_AQUAE,fold_modulo_5,0.4316149749156481,0.6119427687545702
Kermut,kermut,RL20_AQUAE_Tsuboyama_2023_1GYZ,RL20_AQUAE,fold_contiguous_5,0.5090489323798032,0.5824925513957104
Kermut,kermut,RL40A_YEAST_Mavor_2016,RL40A_YEAST,fold_random_5,0.4489599555047915,0.7366604743132932
Kermut,kermut,RL40A_YEAST_Mavor_2016,RL40A_YEAST,fold_modulo_5,0.6498251859800563,0.6086742877000041
Kermut,kermut,RL40A_YEAST_Mavor_2016,RL40A_YEAST,fold_contiguous_5,0.7227558565902775,0.6202487809393169
Kermut,kermut,RL40A_YEAST_Roscoe_2013,RL40A_YEAST,fold_random_5,0.3217085867636899,0.8460314404195171
Kermut,kermut,RL40A_YEAST_Roscoe_2013,RL40A_YEAST,fold_modulo_5,0.5326602712980404,0.7247825868965039
Kermut,kermut,RL40A_YEAST_Roscoe_2013,RL40A_YEAST,fold_contiguous_5,0.6634333222707541,0.6960567942355177
Kermut,kermut,RL40A_YEAST_Roscoe_2014,RL40A_YEAST,fold_random_5,0.28370085817106677,0.7577167481138692
Kermut,kermut,RL40A_YEAST_Roscoe_2014,RL40A_YEAST,fold_modulo_5,0.5967655726876024,0.6006903787083165
Kermut,kermut,RL40A_YEAST_Roscoe_2014,RL40A_YEAST,fold_contiguous_5,0.6216649319317137,0.604556297653828
Kermut,kermut,RNC_ECOLI_Weeks_2023,RNC_ECOLI,fold_random_5,0.26942912356648924,0.7175171100765
Kermut,kermut,RNC_ECOLI_Weeks_2023,RNC_ECOLI,fold_modulo_5,0.4277450621892715,0.6727193152285855
Kermut,kermut,RNC_ECOLI_Weeks_2023,RNC_ECOLI,fold_contiguous_5,0.5120364731216972,0.6916437722489455
Kermut,kermut,RPC1_BP434_Tsuboyama_2023_1R69,RPC1_BP434,fold_random_5,0.11001928732989662,0.9423786861366299
Kermut,kermut,RPC1_BP434_Tsuboyama_2023_1R69,RPC1_BP434,fold_modulo_5,0.22485981249086703,0.8822906530022002
Kermut,kermut,RPC1_BP434_Tsuboyama_2023_1R69,RPC1_BP434,fold_contiguous_5,0.2621380128814077,0.855507166556282
Kermut,kermut,RPC1_LAMBD_Li_2019_high-expression,RPC1_LAMBD,fold_random_5,0.40935626134321484,0.5834715284715285
Kermut,kermut,RPC1_LAMBD_Li_2019_high-expression,RPC1_LAMBD,fold_modulo_5,0.5125543663437058,0.5532761682761682
Kermut,kermut,RPC1_LAMBD_Li_2019_high-expression,RPC1_LAMBD,fold_contiguous_5,0.5467851059332156,0.5381948606948607
Kermut,kermut,RPC1_LAMBD_Li_2019_low-expression,RPC1_LAMBD,fold_random_5,0.48016187076465994,0.7135245310245311
Kermut,kermut,RPC1_LAMBD_Li_2019_low-expression,RPC1_LAMBD,fold_modulo_5,0.6687887685386212,0.5822763347763347
Kermut,kermut,RPC1_LAMBD_Li_2019_low-expression,RPC1_LAMBD,fold_contiguous_5,0.6377407415529852,0.595068265068265
Kermut,kermut,RS15_GEOSE_Tsuboyama_2023_1A32,RS15_GEOSE,fold_random_5,0.14300012996090658,0.9131426010982975
Kermut,kermut,RS15_GEOSE_Tsuboyama_2023_1A32,RS15_GEOSE,fold_modulo_5,0.29647427878001664,0.7969163346574324
Kermut,kermut,RS15_GEOSE_Tsuboyama_2023_1A32,RS15_GEOSE,fold_contiguous_5,0.3643162362955437,0.7699304375110183
Kermut,kermut,S22A1_HUMAN_Yee_2023_abundance,S22A1_HUMAN,fold_random_5,0.26069927379811636,0.8369084341819099
Kermut,kermut,S22A1_HUMAN_Yee_2023_abundance,S22A1_HUMAN,fold_modulo_5,0.4300126629831902,0.7374022400556121
Kermut,kermut,S22A1_HUMAN_Yee_2023_abundance,S22A1_HUMAN,fold_contiguous_5,0.5063796794408386,0.7080418807879822
Kermut,kermut,S22A1_HUMAN_Yee_2023_activity,S22A1_HUMAN,fold_random_5,0.29413014380396035,0.7913813602921534
Kermut,kermut,S22A1_HUMAN_Yee_2023_activity,S22A1_HUMAN,fold_modulo_5,0.44692380951560406,0.7070978190855779
Kermut,kermut,S22A1_HUMAN_Yee_2023_activity,S22A1_HUMAN,fold_contiguous_5,0.483371787926757,0.6925897027999318
Kermut,kermut,SAV1_MOUSE_Tsuboyama_2023_2YSB,SAV1_MOUSE,fold_random_5,0.16405917959633107,0.9081491751887325
Kermut,kermut,SAV1_MOUSE_Tsuboyama_2023_2YSB,SAV1_MOUSE,fold_modulo_5,0.5005751583044634,0.7237567264840431
Kermut,kermut,SAV1_MOUSE_Tsuboyama_2023_2YSB,SAV1_MOUSE,fold_contiguous_5,0.5818859074104269,0.6882241775462125
Kermut,kermut,SBI_STAAM_Tsuboyama_2023_2JVG,SBI_STAAM,fold_random_5,0.22064366889791992,0.8906706202752817
Kermut,kermut,SBI_STAAM_Tsuboyama_2023_2JVG,SBI_STAAM,fold_modulo_5,0.4603372533132466,0.7375654217479674
Kermut,kermut,SBI_STAAM_Tsuboyama_2023_2JVG,SBI_STAAM,fold_contiguous_5,0.5003805797668713,0.7353433555305947
Kermut,kermut,SC6A4_HUMAN_Young_2021,SC6A4_HUMAN,fold_random_5,0.5018767797330441,0.7358499178625393
Kermut,kermut,SC6A4_HUMAN_Young_2021,SC6A4_HUMAN,fold_modulo_5,0.5905576070983182,0.6687910034762825
Kermut,kermut,SC6A4_HUMAN_Young_2021,SC6A4_HUMAN,fold_contiguous_5,0.7014008852935646,0.6126527231577369
Kermut,kermut,SCIN_STAAR_Tsuboyama_2023_2QFF,SCIN_STAAR,fold_random_5,0.14910237030921167,0.9133804051452286
Kermut,kermut,SCIN_STAAR_Tsuboyama_2023_2QFF,SCIN_STAAR,fold_modulo_5,0.3347308362685601,0.778741645597488
Kermut,kermut,SCIN_STAAR_Tsuboyama_2023_2QFF,SCIN_STAAR,fold_contiguous_5,0.45867445076862096,0.70738874992103
Kermut,kermut,SCN5A_HUMAN_Glazer_2019,SCN5A_HUMAN,fold_random_5,0.9913671381345487,0.1549386904434827
Kermut,kermut,SCN5A_HUMAN_Glazer_2019,SCN5A_HUMAN,fold_modulo_5,0.9793379452520588,0.18391474052817774
Kermut,kermut,SCN5A_HUMAN_Glazer_2019,SCN5A_HUMAN,fold_contiguous_5,0.9733930750332647,0.19321983047184885
Kermut,kermut,SDA_BACSU_Tsuboyama_2023_1PV0,SDA_BACSU,fold_random_5,0.09033298252899315,0.9264552312115127
Kermut,kermut,SDA_BACSU_Tsuboyama_2023_1PV0,SDA_BACSU,fold_modulo_5,0.185364636900416,0.8607689558397779
Kermut,kermut,SDA_BACSU_Tsuboyama_2023_1PV0,SDA_BACSU,fold_contiguous_5,0.46561013032288423,0.8089487981467519
Kermut,kermut,SERC_HUMAN_Xie_2023,SERC_HUMAN,fold_random_5,0.321776228727912,0.6595400960808571
Kermut,kermut,SERC_HUMAN_Xie_2023,SERC_HUMAN,fold_modulo_5,0.4505347241749564,0.6119987625949568
Kermut,kermut,SERC_HUMAN_Xie_2023,SERC_HUMAN,fold_contiguous_5,0.5176695557759975,0.5915945690287004
Kermut,kermut,SHOC2_HUMAN_Kwon_2022,SHOC2_HUMAN,fold_random_5,0.558044465128064,0.6491497367186881
Kermut,kermut,SHOC2_HUMAN_Kwon_2022,SHOC2_HUMAN,fold_modulo_5,0.7011882778898514,0.539276709201581
Kermut,kermut,SHOC2_HUMAN_Kwon_2022,SHOC2_HUMAN,fold_contiguous_5,0.8057000364709067,0.4638175714178784
Kermut,kermut,SOX30_HUMAN_Tsuboyama_2023_7JJK,SOX30_HUMAN,fold_random_5,0.18019861837908385,0.9073528011972514
Kermut,kermut,SOX30_HUMAN_Tsuboyama_2023_7JJK,SOX30_HUMAN,fold_modulo_5,0.42838610252081843,0.724399411088027
Kermut,kermut,SOX30_HUMAN_Tsuboyama_2023_7JJK,SOX30_HUMAN,fold_contiguous_5,0.5191012985059471,0.6653456087095566
Kermut,kermut,SPA_STAAU_Tsuboyama_2023_1LP1,SPA_STAAU,fold_random_5,0.1806780789334919,0.9090999790352244
Kermut,kermut,SPA_STAAU_Tsuboyama_2023_1LP1,SPA_STAAU,fold_modulo_5,0.35580032653381427,0.7987132584727407
Kermut,kermut,SPA_STAAU_Tsuboyama_2023_1LP1,SPA_STAAU,fold_contiguous_5,0.5726396139294034,0.680799241761314
Kermut,kermut,SPG1_STRSG_Olson_2014,SPG1_STRSG,fold_random_5,0.18425608738315913,0.8671593674270781
Kermut,kermut,SPG1_STRSG_Olson_2014,SPG1_STRSG,fold_modulo_5,0.6550561426191288,0.5591661024349704
Kermut,kermut,SPG1_STRSG_Olson_2014,SPG1_STRSG,fold_contiguous_5,0.7874392283358556,0.5537816828625304
Kermut,kermut,SPG1_STRSG_Wu_2016,SPG1_STRSG,fold_random_5,0.7137377156134149,0.7805331510594669
Kermut,kermut,SPG1_STRSG_Wu_2016,SPG1_STRSG,fold_modulo_5,4.514370357946544,0.7778263841421736
Kermut,kermut,SPG1_STRSG_Wu_2016,SPG1_STRSG,fold_contiguous_5,4.514370357946544,0.7778263841421736
Kermut,kermut,SPG2_STRSG_Tsuboyama_2023_5UBS,SPG2_STRSG,fold_random_5,0.1258927377322822,0.9133137501372589
Kermut,kermut,SPG2_STRSG_Tsuboyama_2023_5UBS,SPG2_STRSG,fold_modulo_5,0.3178807066292637,0.8104769364747361
Kermut,kermut,SPG2_STRSG_Tsuboyama_2023_5UBS,SPG2_STRSG,fold_contiguous_5,0.33376539072861994,0.7936063372282753
Kermut,kermut,SPIKE_SARS2_Starr_2020_binding,SPIKE_SARS2,fold_random_5,0.20686576845930413,0.8408196821904702
Kermut,kermut,SPIKE_SARS2_Starr_2020_binding,SPIKE_SARS2,fold_modulo_5,0.5219206402866627,0.7055112789532416
Kermut,kermut,SPIKE_SARS2_Starr_2020_binding,SPIKE_SARS2,fold_contiguous_5,0.582462477467567,0.6947135396694627
Kermut,kermut,SPIKE_SARS2_Starr_2020_expression,SPIKE_SARS2,fold_random_5,0.16006605652262226,0.9073633639259401
Kermut,kermut,SPIKE_SARS2_Starr_2020_expression,SPIKE_SARS2,fold_modulo_5,0.3813839532367717,0.7784005808850556
Kermut,kermut,SPIKE_SARS2_Starr_2020_expression,SPIKE_SARS2,fold_contiguous_5,0.4054561034344765,0.7789097149835791
Kermut,kermut,SPTN1_CHICK_Tsuboyama_2023_1TUD,SPTN1_CHICK,fold_random_5,0.14331231648169124,0.9148785435458637
Kermut,kermut,SPTN1_CHICK_Tsuboyama_2023_1TUD,SPTN1_CHICK,fold_modulo_5,0.3942963214070874,0.7492427428728542
Kermut,kermut,SPTN1_CHICK_Tsuboyama_2023_1TUD,SPTN1_CHICK,fold_contiguous_5,0.3845889565870168,0.7824447268605826
Kermut,kermut,SQSTM_MOUSE_Tsuboyama_2023_2RRU,SQSTM_MOUSE,fold_random_5,0.144922010107839,0.9299263977663639
Kermut,kermut,SQSTM_MOUSE_Tsuboyama_2023_2RRU,SQSTM_MOUSE,fold_modulo_5,0.2909520717285765,0.8644041310482008
Kermut,kermut,SQSTM_MOUSE_Tsuboyama_2023_2RRU,SQSTM_MOUSE,fold_contiguous_5,0.3511248564901575,0.8220803848556666
Kermut,kermut,SR43C_ARATH_Tsuboyama_2023_2N88,SR43C_ARATH,fold_random_5,0.10495488149037642,0.9335012025713608
Kermut,kermut,SR43C_ARATH_Tsuboyama_2023_2N88,SR43C_ARATH,fold_modulo_5,0.2319061555016439,0.8581328563811089
Kermut,kermut,SR43C_ARATH_Tsuboyama_2023_2N88,SR43C_ARATH,fold_contiguous_5,0.25803363638884486,0.8509336025526416
Kermut,kermut,SRBS1_HUMAN_Tsuboyama_2023_2O2W,SRBS1_HUMAN,fold_random_5,0.11471599660379293,0.9376115120708075
Kermut,kermut,SRBS1_HUMAN_Tsuboyama_2023_2O2W,SRBS1_HUMAN,fold_modulo_5,0.3547366691058598,0.7773191034289976
Kermut,kermut,SRBS1_HUMAN_Tsuboyama_2023_2O2W,SRBS1_HUMAN,fold_contiguous_5,0.37162335586992146,0.7924737177568819
Kermut,kermut,SRC_HUMAN_Ahler_2019,SRC_HUMAN,fold_random_5,0.3512288137370209,0.8262563400638858
Kermut,kermut,SRC_HUMAN_Ahler_2019,SRC_HUMAN,fold_modulo_5,0.6337047403356599,0.6503072801871643
Kermut,kermut,SRC_HUMAN_Ahler_2019,SRC_HUMAN,fold_contiguous_5,0.6917929543992349,0.6541699519141855
Kermut,kermut,SRC_HUMAN_Chakraborty_2023_binding-DAS_25uM,SRC_HUMAN,fold_random_5,0.5039263493227123,0.7400088472570614
Kermut,kermut,SRC_HUMAN_Chakraborty_2023_binding-DAS_25uM,SRC_HUMAN,fold_modulo_5,0.7952305990572315,0.545652581311754
Kermut,kermut,SRC_HUMAN_Chakraborty_2023_binding-DAS_25uM,SRC_HUMAN,fold_contiguous_5,0.9262856334561537,0.5448145147691758
Kermut,kermut,SRC_HUMAN_Nguyen_2022,SRC_HUMAN,fold_random_5,0.5117511723934306,0.7339785133859078
Kermut,kermut,SRC_HUMAN_Nguyen_2022,SRC_HUMAN,fold_modulo_5,0.7120950303321674,0.5917048321208795
Kermut,kermut,SRC_HUMAN_Nguyen_2022,SRC_HUMAN,fold_contiguous_5,0.7642652661339278,0.5722404313960995
Kermut,kermut,SUMO1_HUMAN_Weile_2017,SUMO1_HUMAN,fold_random_5,0.5455209053667941,0.6698359183230329
Kermut,kermut,SUMO1_HUMAN_Weile_2017,SUMO1_HUMAN,fold_modulo_5,0.661753781576927,0.5875749608467653
Kermut,kermut,SUMO1_HUMAN_Weile_2017,SUMO1_HUMAN,fold_contiguous_5,0.6872192948165404,0.6039353565418494
Kermut,kermut,SYUA_HUMAN_Newberry_2020,SYUA_HUMAN,fold_random_5,0.22110867494296504,0.6006375146867128
Kermut,kermut,SYUA_HUMAN_Newberry_2020,SYUA_HUMAN,fold_modulo_5,0.35469346695736326,0.5625106421514925
Kermut,kermut,SYUA_HUMAN_Newberry_2020,SYUA_HUMAN,fold_contiguous_5,0.7303033802359411,0.502857950079604
Kermut,kermut,TADBP_HUMAN_Bolognesi_2019,TADBP_HUMAN,fold_random_5,0.29895195271641695,0.7803441097390906
Kermut,kermut,TADBP_HUMAN_Bolognesi_2019,TADBP_HUMAN,fold_modulo_5,0.36302855039557813,0.7606837232738441
Kermut,kermut,TADBP_HUMAN_Bolognesi_2019,TADBP_HUMAN,fold_contiguous_5,0.6649738033561388,0.654151190797974
Kermut,kermut,TAT_HV1BR_Fernandes_2016,TAT_HV1BR,fold_random_5,0.6186778493104683,0.5825109584740509
Kermut,kermut,TAT_HV1BR_Fernandes_2016,TAT_HV1BR,fold_modulo_5,0.7865498433467737,0.4645761770559981
Kermut,kermut,TAT_HV1BR_Fernandes_2016,TAT_HV1BR,fold_contiguous_5,0.8889461111632793,0.5117332738337883
Kermut,kermut,TCRG1_MOUSE_Tsuboyama_2023_1E0L,TCRG1_MOUSE,fold_random_5,0.1032144305963329,0.9196478706330201
Kermut,kermut,TCRG1_MOUSE_Tsuboyama_2023_1E0L,TCRG1_MOUSE,fold_modulo_5,0.20377709218165022,0.8658266050738417
Kermut,kermut,TCRG1_MOUSE_Tsuboyama_2023_1E0L,TCRG1_MOUSE,fold_contiguous_5,0.26342300245560546,0.8399480479654376
Kermut,kermut,THO1_YEAST_Tsuboyama_2023_2WQG,THO1_YEAST,fold_random_5,0.16955944485521973,0.9110897437532359
Kermut,kermut,THO1_YEAST_Tsuboyama_2023_2WQG,THO1_YEAST,fold_modulo_5,0.38278749076709484,0.7717609961836313
Kermut,kermut,THO1_YEAST_Tsuboyama_2023_2WQG,THO1_YEAST,fold_contiguous_5,0.437293578612685,0.7316762437205048
Kermut,kermut,TNKS2_HUMAN_Tsuboyama_2023_5JRT,TNKS2_HUMAN,fold_random_5,0.09443944946169815,0.9471422437833261
Kermut,kermut,TNKS2_HUMAN_Tsuboyama_2023_5JRT,TNKS2_HUMAN,fold_modulo_5,0.2612186491676068,0.8471598902370739
Kermut,kermut,TNKS2_HUMAN_Tsuboyama_2023_5JRT,TNKS2_HUMAN,fold_contiguous_5,0.35506602372138546,0.7884387231026241
Kermut,kermut,TPK1_HUMAN_Weile_2017,TPK1_HUMAN,fold_random_5,0.8420199284573183,0.42404113144847977
Kermut,kermut,TPK1_HUMAN_Weile_2017,TPK1_HUMAN,fold_modulo_5,0.9058606991584892,0.3488342039081405
Kermut,kermut,TPK1_HUMAN_Weile_2017,TPK1_HUMAN,fold_contiguous_5,0.931113832023046,0.3211759346221371
Kermut,kermut,TPMT_HUMAN_Matreyek_2018,TPMT_HUMAN,fold_random_5,0.5010964661395305,0.6266804661307765
Kermut,kermut,TPMT_HUMAN_Matreyek_2018,TPMT_HUMAN,fold_modulo_5,0.5460200347135662,0.6144965327858251
Kermut,kermut,TPMT_HUMAN_Matreyek_2018,TPMT_HUMAN,fold_contiguous_5,0.5874906348868124,0.6273483735665627
Kermut,kermut,TPOR_HUMAN_Bridgford_2020,TPOR_HUMAN,fold_random_5,0.46465065330712413,0.6458802795203793
Kermut,kermut,TPOR_HUMAN_Bridgford_2020,TPOR_HUMAN,fold_modulo_5,0.8333648092232859,0.5162015661121241
Kermut,kermut,TPOR_HUMAN_Bridgford_2020,TPOR_HUMAN,fold_contiguous_5,0.8547370225729112,0.47594313013054607
Kermut,kermut,TRPC_SACS2_Chan_2017,TRPC_SACS2,fold_random_5,0.3097911644692741,0.8096139647647737
Kermut,kermut,TRPC_SACS2_Chan_2017,TRPC_SACS2,fold_modulo_5,0.5287504368429872,0.6720482321365101
Kermut,kermut,TRPC_SACS2_Chan_2017,TRPC_SACS2,fold_contiguous_5,0.5048828238885499,0.690399069531578
Kermut,kermut,TRPC_THEMA_Chan_2017,TRPC_THEMA,fold_random_5,0.36314260679161614,0.7867972048484169
Kermut,kermut,TRPC_THEMA_Chan_2017,TRPC_THEMA,fold_modulo_5,0.6890088056971707,0.5753454450672617
Kermut,kermut,TRPC_THEMA_Chan_2017,TRPC_THEMA,fold_contiguous_5,0.7398134951187483,0.5245394555800911
Kermut,kermut,UBC9_HUMAN_Weile_2017,UBC9_HUMAN,fold_random_5,0.521517409560507,0.7323828436957529
Kermut,kermut,UBC9_HUMAN_Weile_2017,UBC9_HUMAN,fold_modulo_5,0.7029529364606916,0.5958679965729627
Kermut,kermut,UBC9_HUMAN_Weile_2017,UBC9_HUMAN,fold_contiguous_5,0.8305335212864632,0.4922668539789955
Kermut,kermut,UBE4B_HUMAN_Tsuboyama_2023_3L1X,UBE4B_HUMAN,fold_random_5,0.1425247038771631,0.9331437743219724
Kermut,kermut,UBE4B_HUMAN_Tsuboyama_2023_3L1X,UBE4B_HUMAN,fold_modulo_5,0.28462585473435514,0.855153705017424
Kermut,kermut,UBE4B_HUMAN_Tsuboyama_2023_3L1X,UBE4B_HUMAN,fold_contiguous_5,0.3606038204831585,0.818222582833106
Kermut,kermut,UBE4B_MOUSE_Starita_2013,UBE4B_MOUSE,fold_random_5,0.6740379126468363,0.5712372946753385
Kermut,kermut,UBE4B_MOUSE_Starita_2013,UBE4B_MOUSE,fold_modulo_5,0.7754987855740152,0.5044698849058461
Kermut,kermut,UBE4B_MOUSE_Starita_2013,UBE4B_MOUSE,fold_contiguous_5,0.8472498234144972,0.51446173080339
Kermut,kermut,UBR5_HUMAN_Tsuboyama_2023_1I2T,UBR5_HUMAN,fold_random_5,0.15949448294791227,0.8720799600720208
Kermut,kermut,UBR5_HUMAN_Tsuboyama_2023_1I2T,UBR5_HUMAN,fold_modulo_5,0.3349658207052383,0.7227973606713117
Kermut,kermut,UBR5_HUMAN_Tsuboyama_2023_1I2T,UBR5_HUMAN,fold_contiguous_5,0.4110524414147104,0.6681785137000851
Kermut,kermut,VG08_BPP22_Tsuboyama_2023_2GP8,VG08_BPP22,fold_random_5,0.16294294057831632,0.9087809430780023
Kermut,kermut,VG08_BPP22_Tsuboyama_2023_2GP8,VG08_BPP22,fold_modulo_5,0.28155365403610844,0.8436363308455017
Kermut,kermut,VG08_BPP22_Tsuboyama_2023_2GP8,VG08_BPP22,fold_contiguous_5,0.36092699479773277,0.8525358919796503
Kermut,kermut,VILI_CHICK_Tsuboyama_2023_1YU5,VILI_CHICK,fold_random_5,0.12723273396187537,0.9267200915183752
Kermut,kermut,VILI_CHICK_Tsuboyama_2023_1YU5,VILI_CHICK,fold_modulo_5,0.3225483574623144,0.8145054113929986
Kermut,kermut,VILI_CHICK_Tsuboyama_2023_1YU5,VILI_CHICK,fold_contiguous_5,0.38378173263207793,0.7967211284438788
Kermut,kermut,VKOR1_HUMAN_Chiasson_2020_abundance,VKOR1_HUMAN,fold_random_5,0.26870593539385734,0.8264949460876825
Kermut,kermut,VKOR1_HUMAN_Chiasson_2020_abundance,VKOR1_HUMAN,fold_modulo_5,0.4771721798128204,0.6959853552981793
Kermut,kermut,VKOR1_HUMAN_Chiasson_2020_abundance,VKOR1_HUMAN,fold_contiguous_5,0.5225214626336464,0.6713628903274586
Kermut,kermut,VKOR1_HUMAN_Chiasson_2020_activity,VKOR1_HUMAN,fold_random_5,0.7181619053028189,0.445970269207482
Kermut,kermut,VKOR1_HUMAN_Chiasson_2020_activity,VKOR1_HUMAN,fold_modulo_5,0.7497351350058221,0.45399202635755803
Kermut,kermut,VKOR1_HUMAN_Chiasson_2020_activity,VKOR1_HUMAN,fold_contiguous_5,0.8108618306471473,0.42527997122054434
Kermut,kermut,VRPI_BPT7_Tsuboyama_2023_2WNM,VRPI_BPT7,fold_random_5,0.09703888902331316,0.9323757476515971
Kermut,kermut,VRPI_BPT7_Tsuboyama_2023_2WNM,VRPI_BPT7,fold_modulo_5,0.22353431561771564,0.8396838037597449
Kermut,kermut,VRPI_BPT7_Tsuboyama_2023_2WNM,VRPI_BPT7,fold_contiguous_5,0.22542440643230122,0.8384878602295668
Kermut,kermut,YAIA_ECOLI_Tsuboyama_2023_2KVT,YAIA_ECOLI,fold_random_5,0.1810634024368209,0.889418343019488
Kermut,kermut,YAIA_ECOLI_Tsuboyama_2023_2KVT,YAIA_ECOLI,fold_modulo_5,0.35652017643258493,0.7671423225076875
Kermut,kermut,YAIA_ECOLI_Tsuboyama_2023_2KVT,YAIA_ECOLI,fold_contiguous_5,0.4168012235428364,0.7523082472318452
Kermut,kermut,YAP1_HUMAN_Araya_2012,YAP1_HUMAN,fold_random_5,0.42769868131420313,0.8036477672568614
Kermut,kermut,YAP1_HUMAN_Araya_2012,YAP1_HUMAN,fold_modulo_5,0.5832848933599086,0.6957768027136974
Kermut,kermut,YAP1_HUMAN_Araya_2012,YAP1_HUMAN,fold_contiguous_5,0.7934361148170479,0.6471292814643989
Kermut,kermut,YNZC_BACSU_Tsuboyama_2023_2JVD,YNZC_BACSU,fold_random_5,0.14389953397831862,0.8887391298578492
Kermut,kermut,YNZC_BACSU_Tsuboyama_2023_2JVD,YNZC_BACSU,fold_modulo_5,0.2896318560797622,0.7991873319321549
Kermut,kermut,YNZC_BACSU_Tsuboyama_2023_2JVD,YNZC_BACSU,fold_contiguous_5,0.3212235701940032,0.8006642478880743
